"","Symbol","Date","Open","High","Low","Close","Adj_Close","Volume","day"
"1","GOOG",2015-01-02,526.114746,528.362366,521.231628,521.937744,521.937744,1447600,1
"2","GOOG",2015-01-05,520.39624,521.460388,510.252045,511.057617,511.057617,2059800,2
"3","GOOG",2015-01-06,512.181458,513.350037,498.3078,499.212799,499.212799,2899900,3
"4","GOOG",2015-01-07,504.22522,504.467896,496.915436,498.357513,498.357513,2065100,4
"5","GOOG",2015-01-08,495.264526,500.724487,488.312805,499.928864,499.928864,3353600,5
"6","GOOG",2015-01-09,501.997498,502.156616,492.082062,493.454498,493.454498,2069400,6
"7","GOOG",2015-01-12,492.231232,493.261566,484.891632,489.854309,489.854309,2322400,7
"8","GOOG",2015-01-13,496.109894,500.227234,489.69519,493.464447,493.464447,2370500,8
"9","GOOG",2015-01-14,491.94281,500.475861,490.301849,498.128784,498.128784,2235700,9
"10","GOOG",2015-01-15,502.80304,502.912445,495.035797,499.043732,499.043732,2715800,10
"11","GOOG",2015-01-16,497.273468,505.408722,497.263519,505.299316,505.299316,2298300,11
"12","GOOG",2015-01-20,508.203339,509.695129,503.246613,504.125763,504.125763,2227900,12
"13","GOOG",2015-01-21,504.473846,516.437988,503.429596,515.204773,515.204773,2268700,13
"14","GOOG",2015-01-22,518.625977,533.394714,516.855713,531.465332,531.465332,2676900,14
"15","GOOG",2015-01-23,532.658752,539.202759,530.082947,536.994873,536.994873,2273000,15
"16","GOOG",2015-01-26,535.582642,536.05011,526.771179,532.280823,532.280823,1543700,16
"17","GOOG",2015-01-27,527.069519,527.795532,515.354004,515.791565,515.791565,1904000,17
"18","GOOG",2015-01-28,519.918884,520.127686,507.208801,507.208801,507.208801,1683800,18
"19","GOOG",2015-01-29,508.203339,508.292847,498.45697,507.865204,507.865204,4186400,19
"20","GOOG",2015-01-30,513.036743,536.915344,512.698608,531.594604,531.594604,5606400,20
"21","GOOG",2015-02-02,528.819885,530.082947,515.712036,525.587646,525.587646,2849800,21
"22","GOOG",2015-02-03,525.110291,530.480713,520.39624,526.343506,526.343506,2034800,22
"23","GOOG",2015-02-04,526.343506,529.756714,518.417114,519.898987,519.898987,1663700,23
"24","GOOG",2015-02-05,520.92334,525.607544,519.232666,524.692566,524.692566,1849800,24
"25","GOOG",2015-02-06,524.752258,534.259949,523.528992,528.093872,528.093872,1749400,25
"26","GOOG",2015-02-09,525.110291,529.088379,523.141113,524.941223,524.941223,1267800,26
"27","GOOG",2015-02-10,526.403198,534.757202,524.036194,534.001343,534.001343,1749900,27
"28","GOOG",2015-02-11,532.370361,535.503113,530.458862,533.036682,533.036682,1377800,28
"29","GOOG",2015-02-12,534.309692,541.838257,531.746765,539.958557,539.958557,1620200,29
"30","GOOG",2015-02-13,540.376282,546.900391,540.157471,546.00531,546.00531,1900300,30
"31","GOOG",2015-02-17,543.837219,546.989868,538.128662,539.86908,539.86908,1616800,31
"32","GOOG",2015-02-18,538.436951,542.504578,534.568237,536.746277,536.746277,1451600,32
"33","GOOG",2015-02-19,535.097717,540.140015,535.067932,539.901306,539.901306,991800,33
"34","GOOG",2015-02-20,540.157471,540.774109,532.867615,536.000366,536.000366,1444400,34
"35","GOOG",2015-02-23,533.116211,533.503113,526.512573,528.998901,528.998901,1457900,35
"36","GOOG",2015-02-24,527.099365,533.852173,525.358948,533.156006,533.156006,1005100,36
"37","GOOG",2015-02-25,532.967041,543.230591,532.514526,540.893433,540.893433,1826000,37
"38","GOOG",2015-02-26,540.237061,553.096313,538.536377,552.43988,552.43988,2311500,38
"39","GOOG",2015-02-27,551.206665,561.619385,549.874023,555.343933,555.343933,2410200,39
"40","GOOG",2015-03-02,557.46228,569.018677,555.692017,568.213074,568.213074,2129600,40
"41","GOOG",2015-03-03,567.327942,572.240906,563.419495,570.500488,570.500488,1704800,41
"42","GOOG",2015-03-04,568.740173,573.951538,564.901306,570.231995,570.231995,1718500,42
"43","GOOG",2015-03-05,571.872925,574.747131,570.27179,572.181274,572.181274,1389600,43
"44","GOOG",2015-03-06,571.733704,573.523865,563.658142,564.578125,564.578125,1659100,44
"45","GOOG",2015-03-09,563.757629,567.148926,560.450806,565.736694,565.736694,1062100,45
"46","GOOG",2015-03-10,561.161926,561.758606,551.694031,551.972473,551.972473,1772400,46
"47","GOOG",2015-03-11,552.101746,555.085327,547.666138,548.163452,548.163452,1820800,47
"48","GOOG",2015-03-12,550.480652,553.325012,547.447388,552.469727,552.469727,1389600,48
"49","GOOG",2015-03-13,550.470703,555.343933,541.241516,544.324585,544.324585,1703600,49
"50","GOOG",2015-03-16,547.934692,553.802368,543.01178,551.47522,551.47522,1641000,50
"51","GOOG",2015-03-17,548.690552,550.769104,545.000854,547.825317,547.825317,1803200,51
"52","GOOG",2015-03-18,549.476196,556.71637,544.006287,556.437866,556.437866,2130200,52
"53","GOOG",2015-03-19,556.328491,557.730774,553.101257,554.936157,554.936157,1197300,53
"54","GOOG",2015-03-20,558.576111,558.645752,555.990356,557.293213,557.293213,2616900,54
"55","GOOG",2015-03-23,557.362793,559.282227,552.787964,555.751648,555.751648,1630100,55
"56","GOOG",2015-03-24,559.48114,571.445313,558.13855,567.069397,567.069397,2583300,56
"57","GOOG",2015-03-25,567.377686,569.128052,555.682068,555.726807,555.726807,2152300,57
"58","GOOG",2015-03-26,554.53833,555.841187,547.636353,552.131592,552.131592,1572600,58
"59","GOOG",2015-03-27,549.97345,552.240967,545.130127,545.338989,545.338989,1894400,59
"60","GOOG",2015-03-30,548.601013,550.440918,545.169922,549.008789,549.008789,1287500,60
"61","GOOG",2015-03-31,546.989868,551.674133,543.727844,545.000854,545.000854,1588000,61
"62","GOOG",2015-04-01,545.597534,548.123657,536.547363,539.590576,539.590576,1952900,62
"63","GOOG",2015-04-02,537.889954,537.889954,530.925293,532.59906,532.59906,1716400,63
"64","GOOG",2015-04-06,529.30719,535.463318,526.671692,533.827332,533.827332,1324400,64
"65","GOOG",2015-04-07,535.135132,539.71991,533.066528,534.080933,534.080933,1302900,65
"66","GOOG",2015-04-08,535.433472,540.873535,535.433472,538.645813,538.645813,1178500,66
"67","GOOG",2015-04-09,538.06897,538.983948,532.559326,537.820374,537.820374,1557900,67
"68","GOOG",2015-04-10,539.322083,539.322083,534.369324,537.054565,537.054565,1409500,68
"69","GOOG",2015-04-13,535.463318,541.082397,534.369324,536.219177,536.219177,1645300,69
"70","GOOG",2015-04-14,533.315125,534.62793,525.201782,527.487183,527.487183,2597300,70
"71","GOOG",2015-04-15,525.808838,531.805847,520.358765,529.617859,529.617859,2325200,71
"72","GOOG",2015-04-16,526.999878,532.658752,526.711487,530.87854,530.87854,1299900,72
"73","GOOG",2015-04-17,525.766663,526.940247,518.158569,521.181885,521.181885,2144100,73
"74","GOOG",2015-04-20,522.72345,533.156006,521.629456,532.44989,532.44989,1679300,74
"75","GOOG",2015-04-21,534.570618,536.440369,530.756592,531.049988,531.049988,1849800,75
"76","GOOG",2015-04-22,531.475281,538.118713,528.839783,536.413086,536.413086,1593600,76
"77","GOOG",2015-04-23,538.039124,547.944641,537.273376,544.006287,544.006287,4184900,77
"78","GOOG",2015-04-24,563.00177,568.01416,554.200195,561.967468,561.967468,4932500,78
"79","GOOG",2015-04-27,563.390015,565.950012,553.200012,555.369995,555.369995,2398000,79
"80","GOOG",2015-04-28,554.640015,556.02002,550.366028,553.679993,553.679993,1491000,80
"81","GOOG",2015-04-29,550.469971,553.679993,546.905029,549.080017,549.080017,1698800,81
"82","GOOG",2015-04-30,547.869995,548.590027,535.049988,537.340027,537.340027,2082200,82
"83","GOOG",2015-05-01,538.429993,539.539978,532.099976,537.900024,537.900024,1768200,83
"84","GOOG",2015-05-04,538.530029,544.070007,535.059998,540.780029,540.780029,1308000,84
"85","GOOG",2015-05-05,538.210022,539.73999,530.390991,530.799988,530.799988,1383100,85
"86","GOOG",2015-05-06,531.23999,532.380005,521.085022,524.219971,524.219971,1567000,86
"87","GOOG",2015-05-07,523.98999,533.460022,521.75,530.700012,530.700012,1546300,87
"88","GOOG",2015-05-08,536.650024,541.150024,525,538.219971,538.219971,1527600,88
"89","GOOG",2015-05-11,538.369995,541.97998,535.400024,535.700012,535.700012,905300,89
"90","GOOG",2015-05-12,531.599976,533.208984,525.26001,529.039978,529.039978,1634200,90
"91","GOOG",2015-05-13,530.559998,534.322021,528.655029,529.619995,529.619995,1252300,91
"92","GOOG",2015-05-14,533.77002,539,532.409973,538.400024,538.400024,1403900,92
"93","GOOG",2015-05-15,539.179993,539.273987,530.380005,533.849976,533.849976,1971300,93
"94","GOOG",2015-05-18,532.01001,534.820007,528.849976,532.299988,532.299988,1998600,94
"95","GOOG",2015-05-19,533.97998,540.659973,533.039978,537.359985,537.359985,1966900,95
"96","GOOG",2015-05-20,538.48999,542.919983,532.971985,539.27002,539.27002,1430800,96
"97","GOOG",2015-05-21,537.950012,543.840027,535.97998,542.51001,542.51001,1462700,97
"98","GOOG",2015-05-22,540.150024,544.190002,539.51001,540.109985,540.109985,1176200,98
"99","GOOG",2015-05-26,538.119995,539,529.880005,532.320007,532.320007,2406500,99
"100","GOOG",2015-05-27,532.799988,540.549988,531.710022,539.789978,539.789978,1525000,100
"101","GOOG",2015-05-28,538.01001,540.609985,536.25,539.780029,539.780029,1029800,101
"102","GOOG",2015-05-29,537.369995,538.630005,531.450012,532.109985,532.109985,2584900,102
"103","GOOG",2015-06-01,536.789978,536.789978,529.76001,533.98999,533.98999,1904300,103
"104","GOOG",2015-06-02,532.929993,543,531.330017,539.179993,539.179993,1934700,104
"105","GOOG",2015-06-03,539.909973,543.5,537.109985,540.309998,540.309998,1717000,105
"106","GOOG",2015-06-04,537.76001,540.590027,534.320007,536.700012,536.700012,1348300,106
"107","GOOG",2015-06-05,536.349976,537.200012,532.52002,533.330017,533.330017,1388200,107
"108","GOOG",2015-06-08,533.309998,534.119995,526.23999,526.830017,526.830017,1520600,108
"109","GOOG",2015-06-09,527.559998,529.200012,523.01001,526.690002,526.690002,1455300,109
"110","GOOG",2015-06-10,529.359985,538.359985,529.349976,536.690002,536.690002,1815000,110
"111","GOOG",2015-06-11,538.424988,538.97998,533.02002,534.609985,534.609985,1217500,111
"112","GOOG",2015-06-12,531.599976,533.119995,530.159973,532.330017,532.330017,955800,112
"113","GOOG",2015-06-15,528,528.299988,524,527.200012,527.200012,1632700,113
"114","GOOG",2015-06-16,528.400024,529.640015,525.559998,528.150024,528.150024,1071800,114
"115","GOOG",2015-06-17,529.369995,530.97998,525.099976,529.26001,529.26001,1294200,115
"116","GOOG",2015-06-18,531,538.150024,530.789978,536.72998,536.72998,1833100,116
"117","GOOG",2015-06-19,537.210022,538.25,533.01001,536.690002,536.690002,1893500,117
"118","GOOG",2015-06-22,539.590027,543.73999,537.530029,538.190002,538.190002,1250300,118
"119","GOOG",2015-06-23,539.640015,541.499023,535.25,540.47998,540.47998,1197500,119
"120","GOOG",2015-06-24,540,540,535.659973,537.840027,537.840027,1286600,120
"121","GOOG",2015-06-25,538.869995,540.900024,535.22998,535.22998,535.22998,1335700,121
"122","GOOG",2015-06-26,537.26001,537.76001,531.349976,531.690002,531.690002,2109100,122
"123","GOOG",2015-06-29,525.01001,528.609985,520.539978,521.52002,521.52002,1937800,123
"124","GOOG",2015-06-30,526.02002,526.25,520.5,520.51001,520.51001,2235600,124
"125","GOOG",2015-07-01,524.72998,525.690002,518.22998,521.840027,521.840027,1961000,125
"126","GOOG",2015-07-02,521.080017,524.650024,521.080017,523.400024,523.400024,1235900,126
"127","GOOG",2015-07-06,519.5,525.25,519,522.859985,522.859985,1280500,127
"128","GOOG",2015-07-07,523.130005,526.179993,515.179993,525.02002,525.02002,1597200,128
"129","GOOG",2015-07-08,521.049988,522.734009,516.109985,516.830017,516.830017,1296700,129
"130","GOOG",2015-07-09,523.119995,523.77002,520.349976,520.679993,520.679993,1842300,130
"131","GOOG",2015-07-10,526.289978,532.559998,525.549988,530.130005,530.130005,1956700,131
"132","GOOG",2015-07-13,532.880005,547.109985,532.400024,546.549988,546.549988,2206500,132
"133","GOOG",2015-07-14,546.76001,565.848999,546.710022,561.099976,561.099976,3244100,133
"134","GOOG",2015-07-15,560.130005,566.502991,556.789978,560.219971,560.219971,1784600,134
"135","GOOG",2015-07-16,565.119995,580.679993,565,579.849976,579.849976,4768300,135
"136","GOOG",2015-07-17,649,674.468018,645,672.929993,672.929993,11164900,136
"137","GOOG",2015-07-20,659.23999,668.880005,653.01001,663.02002,663.02002,5860900,137
"138","GOOG",2015-07-21,655.210022,673,654.299988,662.299988,662.299988,3377200,138
"139","GOOG",2015-07-22,660.890015,678.640015,659,662.099976,662.099976,3929300,139
"140","GOOG",2015-07-23,661.27002,663.630005,641,644.280029,644.280029,3029100,140
"141","GOOG",2015-07-24,647,648.169983,622.52002,623.559998,623.559998,3625700,141
"142","GOOG",2015-07-27,621,634.299988,620.5,627.26001,627.26001,2675400,142
"143","GOOG",2015-07-28,632.830017,632.830017,623.309998,628,628,1727300,143
"144","GOOG",2015-07-29,628.799988,633.359985,622.650024,631.929993,631.929993,1575100,144
"145","GOOG",2015-07-30,630,635.219971,622.049988,632.590027,632.590027,1474200,145
"146","GOOG",2015-07-31,631.380005,632.909973,625.5,625.609985,625.609985,1706100,146
"147","GOOG",2015-08-03,625.340027,633.05603,625.340027,631.210022,631.210022,1304500,147
"148","GOOG",2015-08-04,628.419983,634.809998,627.159973,629.25,629.25,1490900,148
"149","GOOG",2015-08-05,634.330017,647.859985,633.159973,643.780029,643.780029,2334300,149
"150","GOOG",2015-08-06,645,645.379028,632.25,642.679993,642.679993,1572600,150
"151","GOOG",2015-08-07,640.22998,642.679993,629.710022,635.299988,635.299988,1403900,151
"152","GOOG",2015-08-10,639.47998,643.440002,631.249023,633.72998,633.72998,1809200,152
"153","GOOG",2015-08-11,669.200012,674.900024,654.27002,660.780029,660.780029,5000900,153
"154","GOOG",2015-08-12,663.080017,665,652.289978,659.559998,659.559998,2936700,154
"155","GOOG",2015-08-13,659.322021,664.5,651.661011,656.450012,656.450012,1810700,155
"156","GOOG",2015-08-14,655.01001,659.85498,652.659973,657.119995,657.119995,1069900,156
"157","GOOG",2015-08-17,656.799988,661.380005,651.23999,660.869995,660.869995,1051700,157
"158","GOOG",2015-08-18,661.900024,664,653.460022,656.130005,656.130005,1456100,158
"159","GOOG",2015-08-19,656.599976,667,654.190002,660.900024,660.900024,2134100,159
"160","GOOG",2015-08-20,655.460022,662.98999,642.900024,646.830017,646.830017,2855300,160
"161","GOOG",2015-08-21,639.780029,640.049988,612.330017,612.47998,612.47998,4265200,161
"162","GOOG",2015-08-24,573,599.330017,565.049988,589.609985,589.609985,5770300,162
"163","GOOG",2015-08-25,614.909973,617.450012,581.109985,582.059998,582.059998,3538000,163
"164","GOOG",2015-08-26,610.349976,631.710022,599.049988,628.619995,628.619995,4235900,164
"165","GOOG",2015-08-27,639.400024,643.590027,622,637.609985,637.609985,3491300,165
"166","GOOG",2015-08-28,632.820007,636.880005,624.559998,630.380005,630.380005,1978700,166
"167","GOOG",2015-08-31,627.539978,635.799988,617.679993,618.25,618.25,2161200,167
"168","GOOG",2015-09-01,602.359985,612.859985,594.099976,597.789978,597.789978,3702100,168
"169","GOOG",2015-09-02,605.590027,614.340027,599.710022,614.340027,614.340027,2575600,169
"170","GOOG",2015-09-03,617,619.710022,602.820984,606.25,606.25,1759600,170
"171","GOOG",2015-09-04,600,603.469971,595.25,600.700012,600.700012,2089000,171
"172","GOOG",2015-09-08,612.48999,616.309998,604.119995,614.659973,614.659973,2279500,172
"173","GOOG",2015-09-09,621.219971,626.52002,609.599976,612.719971,612.719971,1693900,173
"174","GOOG",2015-09-10,613.099976,624.159973,611.429993,621.349976,621.349976,1905300,174
"175","GOOG",2015-09-11,619.75,625.780029,617.419983,625.77002,625.77002,1373500,175
"176","GOOG",2015-09-14,625.700012,625.859985,619.429993,623.23999,623.23999,1702300,176
"177","GOOG",2015-09-15,626.700012,638.700012,623.780029,635.140015,635.140015,2082100,177
"178","GOOG",2015-09-16,635.469971,637.950012,632.320007,635.97998,635.97998,1286500,178
"179","GOOG",2015-09-17,637.789978,650.900024,635.02002,642.900024,642.900024,2274700,179
"180","GOOG",2015-09-18,636.789978,640,627.02002,629.25,629.25,5087600,180
"181","GOOG",2015-09-21,634.400024,636.48999,625.940002,635.440002,635.440002,1788500,181
"182","GOOG",2015-09-22,627,627.549988,615.429993,622.690002,622.690002,2562900,182
"183","GOOG",2015-09-23,622.049988,628.929993,620,622.359985,622.359985,1470900,183
"184","GOOG",2015-09-24,616.640015,627.320007,612.400024,625.799988,625.799988,2240100,184
"185","GOOG",2015-09-25,629.77002,629.77002,611,611.969971,611.969971,2174000,185
"186","GOOG",2015-09-28,610.340027,614.60498,589.380005,594.890015,594.890015,3127700,186
"187","GOOG",2015-09-29,597.280029,605,590.219971,594.969971,594.969971,2309500,187
"188","GOOG",2015-09-30,603.280029,608.76001,600.72998,608.419983,608.419983,2403800,188
"189","GOOG",2015-10-01,608.369995,612.090027,599.849976,611.289978,611.289978,1867600,189
"190","GOOG",2015-10-02,607.200012,627.340027,603.130005,626.909973,626.909973,2684800,190
"191","GOOG",2015-10-05,632,643.01001,627,641.469971,641.469971,1803600,191
"192","GOOG",2015-10-06,638.840027,649.25,636.530029,645.440002,645.440002,2166300,192
"193","GOOG",2015-10-07,649.23999,650.609009,632.150024,642.359985,642.359985,2092700,193
"194","GOOG",2015-10-08,641.359985,644.450012,625.559998,639.159973,639.159973,2182100,194
"195","GOOG",2015-10-09,640,645.98999,635.317993,643.609985,643.609985,1648700,195
"196","GOOG",2015-10-12,642.090027,648.5,639.01001,646.669983,646.669983,1275200,196
"197","GOOG",2015-10-13,643.150024,657.812012,643.150024,652.299988,652.299988,1807700,197
"198","GOOG",2015-10-14,653.210022,659.390015,648.849976,651.159973,651.159973,1415500,198
"199","GOOG",2015-10-15,654.659973,663.130005,654.460022,661.73999,661.73999,1885700,199
"200","GOOG",2015-10-16,664.109985,664.969971,657.200012,662.200012,662.200012,1611100,200
"201","GOOG",2015-10-19,661.179993,666.820007,659.580017,666.099976,666.099976,1477300,201
"202","GOOG",2015-10-20,664.039978,664.719971,644.195007,650.280029,650.280029,2490000,202
"203","GOOG",2015-10-21,654.150024,655.869995,641.72998,642.609985,642.609985,1791100,203
"204","GOOG",2015-10-22,646.700012,657.799988,644.01001,651.789978,651.789978,4071000,204
"205","GOOG",2015-10-23,727.5,730,701.5,702,702,6653900,205
"206","GOOG",2015-10-26,701.549988,719.150024,701.26001,712.780029,712.780029,2716600,206
"207","GOOG",2015-10-27,707.380005,713.619995,704.549988,708.48999,708.48999,2245800,207
"208","GOOG",2015-10-28,707.330017,712.97998,703.080017,712.950012,712.950012,2178900,208
"209","GOOG",2015-10-29,710.5,718.26001,710.01001,716.919983,716.919983,1454100,209
"210","GOOG",2015-10-30,715.72998,718,710.049988,710.809998,710.809998,1908800,210
"211","GOOG",2015-11-02,711.059998,721.619995,705.849976,721.109985,721.109985,1886300,211
"212","GOOG",2015-11-03,718.859985,724.650024,714.719971,722.159973,722.159973,1565400,212
"213","GOOG",2015-11-04,722,733.099976,721.900024,728.109985,728.109985,1704600,213
"214","GOOG",2015-11-05,729.469971,739.47998,729.469971,731.25,731.25,1861600,214
"215","GOOG",2015-11-06,731.5,735.409973,727.01001,733.76001,733.76001,1511600,215
"216","GOOG",2015-11-09,730.200012,734.710022,719.429993,724.890015,724.890015,2069800,216
"217","GOOG",2015-11-10,724.400024,730.590027,718.5,728.320007,728.320007,1608000,217
"218","GOOG",2015-11-11,732.460022,741,730.22998,735.400024,735.400024,1366400,218
"219","GOOG",2015-11-12,731,737.799988,728.64502,731.22998,731.22998,1837200,219
"220","GOOG",2015-11-13,729.169983,731.150024,716.72998,717,717,2075500,220
"221","GOOG",2015-11-16,715.599976,729.48999,711.330017,728.960022,728.960022,1905900,221
"222","GOOG",2015-11-17,729.289978,731.844971,723.026978,725.299988,725.299988,1510900,222
"223","GOOG",2015-11-18,727.580017,741.409973,727,740,740,1684300,223
"224","GOOG",2015-11-19,738.73999,742,737.429993,738.409973,738.409973,1327100,224
"225","GOOG",2015-11-20,746.530029,757.919983,743,756.599976,756.599976,2212300,225
"226","GOOG",2015-11-23,757.450012,762.708008,751.820007,755.97998,755.97998,1414500,226
"227","GOOG",2015-11-24,752,755.278992,737.630005,748.280029,748.280029,2333100,227
"228","GOOG",2015-11-25,748.140015,752,746.059998,748.150024,748.150024,1122100,228
"229","GOOG",2015-11-27,748.460022,753.409973,747.48999,750.26001,750.26001,838500,229
"230","GOOG",2015-11-30,748.809998,754.929993,741.27002,742.599976,742.599976,2097600,230
"231","GOOG",2015-12-01,747.109985,768.950012,746.700012,767.039978,767.039978,2134600,231
"232","GOOG",2015-12-02,768.900024,775.955017,758.960022,762.380005,762.380005,2230400,232
"233","GOOG",2015-12-03,766.01001,768.994995,745.630005,752.539978,752.539978,2590600,233
"234","GOOG",2015-12-04,753.099976,768.48999,750,766.809998,766.809998,2757300,234
"235","GOOG",2015-12-07,767.77002,768.72998,755.090027,763.25,763.25,1812300,235
"236","GOOG",2015-12-08,757.890015,764.799988,754.200012,762.369995,762.369995,1829500,236
"237","GOOG",2015-12-09,759.169983,764.22998,737.000977,751.609985,751.609985,2700000,237
"238","GOOG",2015-12-10,752.849976,755.849976,743.830017,749.460022,749.460022,1984900,238
"239","GOOG",2015-12-11,741.159973,745.710022,736.75,738.869995,738.869995,2224400,239
"240","GOOG",2015-12-14,741.789978,748.72998,724.169983,747.77002,747.77002,2412500,240
"241","GOOG",2015-12-15,753,758.080017,743.01001,743.400024,743.400024,2666200,241
"242","GOOG",2015-12-16,750,760.590027,739.434998,758.090027,758.090027,1993300,242
"243","GOOG",2015-12-17,762.419983,762.679993,749,749.429993,749.429993,1553400,243
"244","GOOG",2015-12-18,746.51001,754.130005,738.150024,739.309998,739.309998,3148700,244
"245","GOOG",2015-12-21,746.130005,750,740,747.77002,747.77002,1525700,245
"246","GOOG",2015-12-22,751.650024,754.849976,745.530029,750,750,1365400,246
"247","GOOG",2015-12-23,753.469971,754.210022,744,750.309998,750.309998,1565900,247
"248","GOOG",2015-12-24,749.549988,751.349976,746.619995,748.400024,748.400024,527200,248
"249","GOOG",2015-12-28,752.919983,762.98999,749.52002,762.51001,762.51001,1515300,249
"250","GOOG",2015-12-29,766.690002,779.97998,766.429993,776.599976,776.599976,1765000,250
"251","GOOG",2015-12-30,776.599976,777.599976,766.900024,771,771,1293300,251
"252","GOOG",2015-12-31,769.5,769.5,758.340027,758.880005,758.880005,1500900,252
"253","GOOG",2016-01-04,743,744.059998,731.257996,741.840027,741.840027,3272800,253
"254","GOOG",2016-01-05,746.450012,752,738.640015,742.580017,742.580017,1950700,254
"255","GOOG",2016-01-06,730,747.179993,728.919983,743.619995,743.619995,1947000,255
"256","GOOG",2016-01-07,730.309998,738.5,719.059998,726.390015,726.390015,2963700,256
"257","GOOG",2016-01-08,731.450012,733.22998,713,714.469971,714.469971,2450900,257
"258","GOOG",2016-01-11,716.609985,718.85498,703.539978,716.030029,716.030029,2089300,258
"259","GOOG",2016-01-12,721.679993,728.75,717.317017,726.070007,726.070007,2024500,259
"260","GOOG",2016-01-13,730.849976,734.73999,698.609985,700.559998,700.559998,2501700,260
"261","GOOG",2016-01-14,705.380005,721.924988,689.099976,714.719971,714.719971,2225800,261
"262","GOOG",2016-01-15,692.289978,706.73999,685.369995,694.450012,694.450012,3608100,262
"263","GOOG",2016-01-19,703.299988,709.97998,693.409973,701.789978,701.789978,2268100,263
"264","GOOG",2016-01-20,688.609985,706.849976,673.26001,698.450012,698.450012,3445000,264
"265","GOOG",2016-01-21,702.179993,719.190002,694.460022,706.590027,706.590027,2412200,265
"266","GOOG",2016-01-22,723.599976,728.130005,720.120972,725.25,725.25,2011800,266
"267","GOOG",2016-01-25,723.580017,729.679993,710.01001,711.669983,711.669983,1711700,267
"268","GOOG",2016-01-26,713.849976,718.280029,706.47998,713.039978,713.039978,1324300,268
"269","GOOG",2016-01-27,713.669983,718.234985,694.390015,699.98999,699.98999,2194200,269
"270","GOOG",2016-01-28,722.219971,733.690002,712.349976,730.960022,730.960022,2676400,270
"271","GOOG",2016-01-29,731.530029,744.98999,726.799988,742.950012,742.950012,3474300,271
"272","GOOG",2016-02-01,750.460022,757.859985,743.27002,752,752,5139200,272
"273","GOOG",2016-02-02,784.5,789.869995,764.650024,764.650024,764.650024,6348100,273
"274","GOOG",2016-02-03,770.219971,774.5,720.5,726.950012,726.950012,6171000,274
"275","GOOG",2016-02-04,722.809998,727,701.859985,708.01001,708.01001,5145900,275
"276","GOOG",2016-02-05,703.869995,703.98999,680.150024,683.570007,683.570007,5105700,276
"277","GOOG",2016-02-08,667.849976,684.030029,663.059998,682.73999,682.73999,4247400,277
"278","GOOG",2016-02-09,672.320007,699.900024,668.77002,678.109985,678.109985,3604300,278
"279","GOOG",2016-02-10,686.859985,701.309998,682.130005,684.119995,684.119995,2638000,279
"280","GOOG",2016-02-11,675,689.349976,668.867981,683.109985,683.109985,3024000,280
"281","GOOG",2016-02-12,690.26001,693.75,678.599976,682.400024,682.400024,2141400,281
"282","GOOG",2016-02-16,692.97998,698,685.049988,691,691,2520000,282
"283","GOOG",2016-02-17,698.090027,709.75,691.380005,708.400024,708.400024,2492600,283
"284","GOOG",2016-02-18,710,712.349976,696.030029,697.349976,697.349976,1883200,284
"285","GOOG",2016-02-19,695.030029,703.080994,694.049988,700.909973,700.909973,1589300,285
"286","GOOG",2016-02-22,707.450012,713.23999,702.51001,706.460022,706.460022,1949800,286
"287","GOOG",2016-02-23,701.450012,708.400024,693.580017,695.849976,695.849976,2009300,287
"288","GOOG",2016-02-24,688.919983,700,680.780029,699.559998,699.559998,1963600,288
"289","GOOG",2016-02-25,700.01001,705.97998,690.585022,705.75,705.75,1631900,289
"290","GOOG",2016-02-26,708.580017,713.429993,700.859985,705.070007,705.070007,2243500,290
"291","GOOG",2016-02-29,700.320007,710.890015,697.679993,697.77002,697.77002,2481100,291
"292","GOOG",2016-03-01,703.619995,718.809998,699.77002,718.809998,718.809998,2151400,292
"293","GOOG",2016-03-02,719,720,712,718.849976,718.849976,1629000,293
"294","GOOG",2016-03-03,718.679993,719.450012,706.02002,712.419983,712.419983,1956800,294
"295","GOOG",2016-03-04,714.98999,716.48999,706.02002,710.890015,710.890015,1972100,295
"296","GOOG",2016-03-07,706.900024,708.091003,686.900024,695.159973,695.159973,2985100,296
"297","GOOG",2016-03-08,688.590027,703.789978,685.340027,693.969971,693.969971,2076300,297
"298","GOOG",2016-03-09,698.469971,705.679993,694,705.23999,705.23999,1421500,298
"299","GOOG",2016-03-10,708.119995,716.440002,703.359985,712.820007,712.820007,2829400,299
"300","GOOG",2016-03-11,720,726.919983,717.125,726.820007,726.820007,1970800,300
"301","GOOG",2016-03-14,726.809998,735.5,725.150024,730.48999,730.48999,1718300,301
"302","GOOG",2016-03-15,726.919983,732.289978,724.77002,728.330017,728.330017,1721000,302
"303","GOOG",2016-03-16,726.369995,737.469971,724.51001,736.090027,736.090027,1624400,303
"304","GOOG",2016-03-17,736.450012,743.070007,736,737.780029,737.780029,1860800,304
"305","GOOG",2016-03-18,741.859985,742,731.830017,737.599976,737.599976,2980700,305
"306","GOOG",2016-03-21,736.5,742.5,733.515991,742.090027,742.090027,1836500,306
"307","GOOG",2016-03-22,737.460022,745,737.460022,740.75,740.75,1269700,307
"308","GOOG",2016-03-23,742.359985,745.719971,736.150024,738.059998,738.059998,1432100,308
"309","GOOG",2016-03-24,732.01001,737.747009,731,735.299988,735.299988,1594900,309
"310","GOOG",2016-03-28,736.789978,738.98999,732.5,733.530029,733.530029,1301300,310
"311","GOOG",2016-03-29,734.590027,747.25,728.76001,744.77002,744.77002,1902100,311
"312","GOOG",2016-03-30,750.099976,757.880005,748.73999,750.530029,750.530029,1782400,312
"313","GOOG",2016-03-31,749.25,750.849976,740.940002,744.950012,744.950012,1718800,313
"314","GOOG",2016-04-01,738.599976,750.340027,737,749.909973,749.909973,1576700,314
"315","GOOG",2016-04-04,750.059998,752.799988,742.429993,745.289978,745.289978,1134200,315
"316","GOOG",2016-04-05,738,742.799988,735.369995,737.799988,737.799988,1132300,316
"317","GOOG",2016-04-06,735.77002,746.23999,735.559998,745.690002,745.690002,1050200,317
"318","GOOG",2016-04-07,745.369995,747,736.280029,740.280029,740.280029,1453200,318
"319","GOOG",2016-04-08,743.969971,745.450012,735.549988,739.150024,739.150024,1290800,319
"320","GOOG",2016-04-11,743.02002,745,736.049988,736.099976,736.099976,1220100,320
"321","GOOG",2016-04-12,738,743.830017,731.01001,743.090027,743.090027,1349700,321
"322","GOOG",2016-04-13,749.159973,754.380005,744.260986,751.719971,751.719971,1707100,322
"323","GOOG",2016-04-14,754.01001,757.309998,752.705017,753.200012,753.200012,1131000,323
"324","GOOG",2016-04-15,753.97998,761,752.69397,759,759,1809300,324
"325","GOOG",2016-04-18,760.460022,768.049988,757.299988,766.609985,766.609985,1556000,325
"326","GOOG",2016-04-19,769.51001,769.900024,749.330017,753.929993,753.929993,2030500,326
"327","GOOG",2016-04-20,758,758.132019,750.01001,752.669983,752.669983,1529200,327
"328","GOOG",2016-04-21,755.380005,760.450012,749.549988,759.140015,759.140015,3060500,328
"329","GOOG",2016-04-22,726.299988,736.119995,713.609985,718.77002,718.77002,5951900,329
"330","GOOG",2016-04-25,716.099976,723.929993,715.590027,723.150024,723.150024,1959200,330
"331","GOOG",2016-04-26,725.419983,725.765991,703.026001,708.140015,708.140015,2744600,331
"332","GOOG",2016-04-27,707.289978,708.97998,692.36499,705.840027,705.840027,3098600,332
"333","GOOG",2016-04-28,708.26001,714.169983,689.549988,691.02002,691.02002,2867300,333
"334","GOOG",2016-04-29,690.700012,697.619995,689,693.01001,693.01001,2487700,334
"335","GOOG",2016-05-02,697.630005,700.640015,691,698.210022,698.210022,1645300,335
"336","GOOG",2016-05-03,696.869995,697.840027,692,692.359985,692.359985,1543800,336
"337","GOOG",2016-05-04,690.48999,699.75,689.01001,695.700012,695.700012,1688600,337
"338","GOOG",2016-05-05,697.700012,702.320007,695.719971,701.429993,701.429993,1683500,338
"339","GOOG",2016-05-06,698.380005,711.859985,698.106995,711.119995,711.119995,1829300,339
"340","GOOG",2016-05-09,712,718.710022,710,712.900024,712.900024,1510300,340
"341","GOOG",2016-05-10,716.75,723.5,715.719971,723.179993,723.179993,1563100,341
"342","GOOG",2016-05-11,723.409973,724.47998,712.799988,715.289978,715.289978,1692100,342
"343","GOOG",2016-05-12,717.059998,719.25,709,713.309998,713.309998,1360700,343
"344","GOOG",2016-05-13,711.929993,716.661987,709.26001,710.830017,710.830017,1314500,344
"345","GOOG",2016-05-16,709.130005,718.47998,705.650024,716.48999,716.48999,1317100,345
"346","GOOG",2016-05-17,715.98999,721.52002,704.109985,706.22998,706.22998,2001200,346
"347","GOOG",2016-05-18,703.669983,711.599976,700.630005,706.630005,706.630005,1766800,347
"348","GOOG",2016-05-19,702.359985,706,696.799988,700.320007,700.320007,1670200,348
"349","GOOG",2016-05-20,701.619995,714.580017,700.52002,709.73999,709.73999,1828400,349
"350","GOOG",2016-05-23,706.530029,711.478027,704.179993,704.23999,704.23999,1320900,350
"351","GOOG",2016-05-24,706.859985,720.969971,706.859985,720.090027,720.090027,1929500,351
"352","GOOG",2016-05-25,720.76001,727.51001,719.705017,725.27002,725.27002,1629200,352
"353","GOOG",2016-05-26,722.869995,728.330017,720.280029,724.119995,724.119995,1542900,353
"354","GOOG",2016-05-27,724.01001,733.935974,724,732.659973,732.659973,1975000,354
"355","GOOG",2016-05-31,731.73999,739.72998,731.26001,735.719971,735.719971,2129500,355
"356","GOOG",2016-06-01,734.530029,737.210022,730.659973,734.150024,734.150024,1253600,356
"357","GOOG",2016-06-02,732.5,733.02002,724.169983,730.400024,730.400024,1337600,357
"358","GOOG",2016-06-03,729.27002,729.48999,720.559998,722.340027,722.340027,1226300,358
"359","GOOG",2016-06-06,724.909973,724.909973,714.609985,716.549988,716.549988,1565300,359
"360","GOOG",2016-06-07,719.840027,721.97998,716.549988,716.650024,716.650024,1336200,360
"361","GOOG",2016-06-08,723.960022,728.570007,720.580017,728.280029,728.280029,1583700,361
"362","GOOG",2016-06-09,722.869995,729.539978,722.335999,728.580017,728.580017,988900,362
"363","GOOG",2016-06-10,719.469971,725.890015,716.429993,719.409973,719.409973,1216400,363
"364","GOOG",2016-06-13,716.51001,725.440002,716.51001,718.359985,718.359985,1258900,364
"365","GOOG",2016-06-14,716.47998,722.469971,713.119995,718.27002,718.27002,1306100,365
"366","GOOG",2016-06-15,719,722.97998,717.309998,718.919983,718.919983,1214500,366
"367","GOOG",2016-06-16,714.909973,716.650024,703.26001,710.359985,710.359985,1982500,367
"368","GOOG",2016-06-17,708.650024,708.820007,688.452026,691.719971,691.719971,3402400,368
"369","GOOG",2016-06-20,698.77002,702.47998,693.409973,693.710022,693.710022,2082500,369
"370","GOOG",2016-06-21,698.400024,702.77002,692.01001,695.940002,695.940002,1465600,370
"371","GOOG",2016-06-22,699.059998,700.859985,693.08197,697.460022,697.460022,1184300,371
"372","GOOG",2016-06-23,697.450012,701.950012,687,701.869995,701.869995,2171400,372
"373","GOOG",2016-06-24,675.169983,689.400024,673.450012,675.219971,675.219971,4449000,373
"374","GOOG",2016-06-27,671,672.299988,663.283997,668.26001,668.26001,2629000,374
"375","GOOG",2016-06-28,678.969971,680.330017,673,680.039978,680.039978,2173800,375
"376","GOOG",2016-06-29,683,687.429016,681.409973,684.109985,684.109985,1932600,376
"377","GOOG",2016-06-30,685.469971,692.320007,683.650024,692.099976,692.099976,1597700,377
"378","GOOG",2016-07-01,692.200012,700.650024,692.130005,699.210022,699.210022,1344700,378
"379","GOOG",2016-07-05,696.059998,696.940002,688.880005,694.950012,694.950012,1462600,379
"380","GOOG",2016-07-06,689.97998,701.679993,689.090027,697.77002,697.77002,1411900,380
"381","GOOG",2016-07-07,698.080017,698.200012,688.215027,695.359985,695.359985,1303100,381
"382","GOOG",2016-07-08,699.5,705.710022,696.434998,705.630005,705.630005,1575200,382
"383","GOOG",2016-07-11,708.049988,716.51001,707.23999,715.090027,715.090027,1111800,383
"384","GOOG",2016-07-12,719.119995,722.940002,715.909973,720.640015,720.640015,1336900,384
"385","GOOG",2016-07-13,723.619995,724,716.849976,716.97998,716.97998,935900,385
"386","GOOG",2016-07-14,721.580017,722.210022,718.030029,720.950012,720.950012,950200,386
"387","GOOG",2016-07-15,725.72998,725.73999,719.054993,719.849976,719.849976,1279300,387
"388","GOOG",2016-07-18,722.710022,736.130005,721.190002,733.780029,733.780029,1295500,388
"389","GOOG",2016-07-19,729.890015,736.98999,729,736.960022,736.960022,1227500,389
"390","GOOG",2016-07-20,737.330017,742.130005,737.099976,741.190002,741.190002,1289700,390
"391","GOOG",2016-07-21,740.359985,741.690002,735.830994,738.630005,738.630005,1026300,391
"392","GOOG",2016-07-22,741.859985,743.23999,736.559998,742.73999,742.73999,1259800,392
"393","GOOG",2016-07-25,740.669983,742.609985,737.5,739.77002,739.77002,1032400,393
"394","GOOG",2016-07-26,739.039978,741.690002,734.27002,738.419983,738.419983,1186700,394
"395","GOOG",2016-07-27,738.280029,744.460022,737,741.77002,741.77002,1497100,395
"396","GOOG",2016-07-28,747.039978,748.650024,739.299988,745.909973,745.909973,3530200,396
"397","GOOG",2016-07-29,772.710022,778.549988,766.77002,768.789978,768.789978,3841500,397
"398","GOOG",2016-08-01,761.090027,780.429993,761.090027,772.880005,772.880005,2700500,398
"399","GOOG",2016-08-02,768.690002,775.840027,767.849976,771.070007,771.070007,1784500,399
"400","GOOG",2016-08-03,767.179993,773.210022,766.820007,773.179993,773.179993,1287400,400
"401","GOOG",2016-08-04,772.219971,774.070007,768.794983,771.609985,771.609985,1139400,401
"402","GOOG",2016-08-05,773.780029,783.039978,772.340027,782.219971,782.219971,1801200,402
"403","GOOG",2016-08-08,782,782.630005,778.091003,781.76001,781.76001,1107900,403
"404","GOOG",2016-08-09,781.099976,788.940002,780.570007,784.26001,784.26001,1318900,404
"405","GOOG",2016-08-10,783.75,786.812012,782.778015,784.679993,784.679993,786400,405
"406","GOOG",2016-08-11,785,789.75,782.969971,784.849976,784.849976,971100,406
"407","GOOG",2016-08-12,781.5,783.39502,780.400024,783.219971,783.219971,740500,407
"408","GOOG",2016-08-15,783.75,787.48999,780.109985,782.440002,782.440002,938200,408
"409","GOOG",2016-08-16,780.299988,780.97998,773.44397,777.140015,777.140015,1028000,409
"410","GOOG",2016-08-17,777.320007,780.809998,773.530029,779.909973,779.909973,924200,410
"411","GOOG",2016-08-18,780.01001,782.859985,777,777.5,777.5,719400,411
"412","GOOG",2016-08-19,775,777.099976,773.130005,775.419983,775.419983,861500,412
"413","GOOG",2016-08-22,773.27002,774.539978,770.049988,772.150024,772.150024,951400,413
"414","GOOG",2016-08-23,775.47998,776.440002,771.784973,772.080017,772.080017,928200,414
"415","GOOG",2016-08-24,770.580017,774.5,767.070007,769.640015,769.640015,1072000,415
"416","GOOG",2016-08-25,767,771.890015,763.184998,769.409973,769.409973,926900,416
"417","GOOG",2016-08-26,769,776.080017,765.849976,769.539978,769.539978,1166700,417
"418","GOOG",2016-08-29,768.73999,774.98999,766.61499,772.150024,772.150024,841000,418
"419","GOOG",2016-08-30,769.330017,774.466003,766.840027,769.090027,769.090027,1130000,419
"420","GOOG",2016-08-31,767.01001,769.090027,765.380005,767.049988,767.049988,1248600,420
"421","GOOG",2016-09-01,769.25,771.02002,764.299988,768.780029,768.780029,925100,421
"422","GOOG",2016-09-02,773.01001,773.919983,768.409973,771.460022,771.460022,1072700,422
"423","GOOG",2016-09-06,773.450012,782,771,780.080017,780.080017,1442800,423
"424","GOOG",2016-09-07,780,782.72998,776.200012,780.349976,780.349976,893700,424
"425","GOOG",2016-09-08,778.590027,780.349976,773.580017,775.320007,775.320007,1260600,425
"426","GOOG",2016-09-09,770.099976,773.244995,759.659973,759.659973,759.659973,1885500,426
"427","GOOG",2016-09-12,755.130005,770.289978,754,769.02002,769.02002,1311000,427
"428","GOOG",2016-09-13,764.47998,766.219971,755.799988,759.690002,759.690002,1395000,428
"429","GOOG",2016-09-14,759.609985,767.679993,759.109985,762.48999,762.48999,1087400,429
"430","GOOG",2016-09-15,762.890015,773.799988,759.960022,771.76001,771.76001,1305100,430
"431","GOOG",2016-09-16,769.75,769.75,764.659973,768.880005,768.880005,2049300,431
"432","GOOG",2016-09-19,772.419983,774,764.440979,765.700012,765.700012,1171100,432
"433","GOOG",2016-09-20,769,773.330017,768.530029,771.409973,771.409973,978600,433
"434","GOOG",2016-09-21,772.659973,777.159973,768.301025,776.219971,776.219971,1167800,434
"435","GOOG",2016-09-22,780,789.849976,778.440002,787.210022,787.210022,1486200,435
"436","GOOG",2016-09-23,786.590027,788.929993,784.150024,786.900024,786.900024,1411900,436
"437","GOOG",2016-09-26,782.73999,782.73999,773.070007,774.210022,774.210022,1533200,437
"438","GOOG",2016-09-27,775.5,785.98999,774.307983,783.01001,783.01001,1153200,438
"439","GOOG",2016-09-28,777.849976,781.809998,774.969971,781.559998,781.559998,1109800,439
"440","GOOG",2016-09-29,781.440002,785.799988,774.231995,775.01001,775.01001,1314700,440
"441","GOOG",2016-09-30,776.330017,780.940002,774.090027,777.289978,777.289978,1585300,441
"442","GOOG",2016-10-03,774.25,776.065002,769.5,772.559998,772.559998,1278800,442
"443","GOOG",2016-10-04,776.030029,778.710022,772.890015,776.429993,776.429993,1201400,443
"444","GOOG",2016-10-05,779.309998,782.070007,775.650024,776.469971,776.469971,1461200,444
"445","GOOG",2016-10-06,779,780.47998,775.539978,776.859985,776.859985,1070700,445
"446","GOOG",2016-10-07,779.659973,779.659973,770.75,775.080017,775.080017,933200,446
"447","GOOG",2016-10-10,777.710022,789.380005,775.869995,785.940002,785.940002,1161400,447
"448","GOOG",2016-10-11,786.659973,792.280029,780.580017,783.070007,783.070007,1372500,448
"449","GOOG",2016-10-12,783.76001,788.130005,782.059998,786.140015,786.140015,937400,449
"450","GOOG",2016-10-13,781.219971,781.219971,773,778.190002,778.190002,1365300,450
"451","GOOG",2016-10-14,781.650024,783.950012,776,778.530029,778.530029,852500,451
"452","GOOG",2016-10-17,779.799988,785.849976,777.5,779.960022,779.960022,1093000,452
"453","GOOG",2016-10-18,787.849976,801.609985,785.565002,795.26001,795.26001,1995600,453
"454","GOOG",2016-10-19,798.23999,804.599976,798.030029,801.5,801.5,1766800,454
"455","GOOG",2016-10-20,803.299988,803.969971,796.030029,796.969971,796.969971,1757500,455
"456","GOOG",2016-10-21,795,799.5,794,799.369995,799.369995,1266200,456
"457","GOOG",2016-10-24,804.900024,815.179993,804.820007,813.109985,813.109985,1697500,457
"458","GOOG",2016-10-25,816.679993,816.679993,805.140015,807.669983,807.669983,1576400,458
"459","GOOG",2016-10-26,806.340027,806.97998,796.320007,799.070007,799.070007,1647700,459
"460","GOOG",2016-10-27,801,803.48999,791.5,795.349976,795.349976,2749200,460
"461","GOOG",2016-10-28,808.349976,815.48999,793.590027,795.369995,795.369995,4269900,461
"462","GOOG",2016-10-31,795.469971,796.859985,784,784.539978,784.539978,2427300,462
"463","GOOG",2016-11-01,782.890015,789.48999,775.539978,783.609985,783.609985,2406400,463
"464","GOOG",2016-11-02,778.200012,781.650024,763.450012,768.700012,768.700012,1872400,464
"465","GOOG",2016-11-03,767.25,769.950012,759.030029,762.130005,762.130005,1943200,465
"466","GOOG",2016-11-04,750.659973,770.359985,750.560974,762.02002,762.02002,2134800,466
"467","GOOG",2016-11-07,774.5,785.190002,772.549988,782.52002,782.52002,1585100,467
"468","GOOG",2016-11-08,783.400024,795.632996,780.190002,790.51001,790.51001,1350800,468
"469","GOOG",2016-11-09,779.940002,791.22699,771.669983,785.309998,785.309998,2607100,469
"470","GOOG",2016-11-10,791.169983,791.169983,752.179993,762.559998,762.559998,4745200,470
"471","GOOG",2016-11-11,756.539978,760.780029,750.380005,754.02002,754.02002,2431800,471
"472","GOOG",2016-11-14,755.599976,757.849976,727.539978,736.080017,736.080017,3631700,472
"473","GOOG",2016-11-15,746.969971,764.416016,746.969971,758.48999,758.48999,2384000,473
"474","GOOG",2016-11-16,755.200012,766.359985,750.51001,764.47998,764.47998,1465200,474
"475","GOOG",2016-11-17,766.919983,772.700012,764.22998,771.22998,771.22998,1304000,475
"476","GOOG",2016-11-18,771.369995,775,760,760.539978,760.539978,1547100,476
"477","GOOG",2016-11-21,762.609985,769.700012,760.599976,769.200012,769.200012,1330600,477
"478","GOOG",2016-11-22,772.630005,776.960022,767,768.27002,768.27002,1593100,478
"479","GOOG",2016-11-23,767.72998,768.28302,755.25,760.98999,760.98999,1477400,479
"480","GOOG",2016-11-25,764.26001,765,760.52002,761.679993,761.679993,587400,480
"481","GOOG",2016-11-28,760,779.530029,759.799988,768.23999,768.23999,2188200,481
"482","GOOG",2016-11-29,771.530029,778.5,768.23999,770.840027,770.840027,1616600,482
"483","GOOG",2016-11-30,770.070007,772.98999,754.830017,758.039978,758.039978,2392900,483
"484","GOOG",2016-12-01,757.440002,759.849976,737.025024,747.919983,747.919983,3017900,484
"485","GOOG",2016-12-02,744.590027,754,743.099976,750.5,750.5,1452500,485
"486","GOOG",2016-12-05,757.710022,763.900024,752.900024,762.52002,762.52002,1394200,486
"487","GOOG",2016-12-06,764.72998,768.830017,757.340027,759.109985,759.109985,1690700,487
"488","GOOG",2016-12-07,761,771.359985,755.799988,771.190002,771.190002,1761000,488
"489","GOOG",2016-12-08,772.47998,778.179993,767.22998,776.419983,776.419983,1488100,489
"490","GOOG",2016-12-09,780,789.429993,779.020996,789.289978,789.289978,1821900,490
"491","GOOG",2016-12-12,785.039978,791.25,784.35498,789.27002,789.27002,2104100,491
"492","GOOG",2016-12-13,793.900024,804.380005,793.340027,796.099976,796.099976,2145200,492
"493","GOOG",2016-12-14,797.400024,804,794.01001,797.070007,797.070007,1704200,493
"494","GOOG",2016-12-15,797.340027,803,792.919983,797.849976,797.849976,1626500,494
"495","GOOG",2016-12-16,800.400024,800.856018,790.289978,790.799988,790.799988,2428300,495
"496","GOOG",2016-12-19,790.219971,797.659973,786.27002,794.200012,794.200012,1232100,496
"497","GOOG",2016-12-20,796.76001,798.650024,793.27002,796.419983,796.419983,951000,497
"498","GOOG",2016-12-21,795.840027,796.676025,787.099976,794.559998,794.559998,1211300,498
"499","GOOG",2016-12-22,792.359985,793.320007,788.580017,791.26001,791.26001,972200,499
"500","GOOG",2016-12-23,790.900024,792.73999,787.280029,789.909973,789.909973,623400,500
"501","GOOG",2016-12-27,790.679993,797.859985,787.656982,791.549988,791.549988,789100,501
"502","GOOG",2016-12-28,793.700012,794.22998,783.200012,785.049988,785.049988,1153800,502
"503","GOOG",2016-12-29,783.330017,785.929993,778.919983,782.789978,782.789978,742200,503
"504","GOOG",2016-12-30,782.75,782.780029,770.409973,771.820007,771.820007,1770000,504
"505","GOOG",2017-01-03,778.809998,789.630005,775.799988,786.140015,786.140015,1657300,505
"506","GOOG",2017-01-04,788.359985,791.340027,783.159973,786.900024,786.900024,1073000,506
"507","GOOG",2017-01-05,786.080017,794.47998,785.02002,794.02002,794.02002,1335200,507
"508","GOOG",2017-01-06,795.26001,807.900024,792.203979,806.150024,806.150024,1640200,508
"509","GOOG",2017-01-09,806.400024,809.966003,802.830017,806.650024,806.650024,1272400,509
"510","GOOG",2017-01-10,807.859985,809.130005,803.51001,804.789978,804.789978,1176800,510
"511","GOOG",2017-01-11,805,808.150024,801.369995,807.909973,807.909973,1065900,511
"512","GOOG",2017-01-12,807.140015,807.390015,799.169983,806.359985,806.359985,1353100,512
"513","GOOG",2017-01-13,807.47998,811.223999,806.690002,807.880005,807.880005,1099200,513
"514","GOOG",2017-01-17,807.080017,807.140015,800.369995,804.609985,804.609985,1355800,514
"515","GOOG",2017-01-18,805.809998,806.205017,800.98999,806.070007,806.070007,1294400,515
"516","GOOG",2017-01-19,805.119995,809.47998,801.799988,802.174988,802.174988,919300,516
"517","GOOG",2017-01-20,806.909973,806.909973,801.690002,805.02002,805.02002,1670000,517
"518","GOOG",2017-01-23,807.25,820.869995,803.73999,819.309998,819.309998,1963600,518
"519","GOOG",2017-01-24,822.299988,825.900024,817.820984,823.869995,823.869995,1474000,519
"520","GOOG",2017-01-25,829.619995,835.77002,825.059998,835.669983,835.669983,1494500,520
"521","GOOG",2017-01-26,837.809998,838,827.01001,832.150024,832.150024,2973900,521
"522","GOOG",2017-01-27,834.710022,841.950012,820.440002,823.309998,823.309998,2965800,522
"523","GOOG",2017-01-30,814.659973,815.840027,799.799988,802.320007,802.320007,3246600,523
"524","GOOG",2017-01-31,796.859985,801.25,790.52002,796.789978,796.789978,2160600,524
"525","GOOG",2017-02-01,799.679993,801.190002,791.190002,795.695007,795.695007,2029700,525
"526","GOOG",2017-02-02,793.799988,802.700012,792,798.530029,798.530029,1532100,526
"527","GOOG",2017-02-03,802.98999,806,800.369995,801.48999,801.48999,1463400,527
"528","GOOG",2017-02-06,799.700012,801.669983,795.25,801.340027,801.340027,1184500,528
"529","GOOG",2017-02-07,803.98999,810.5,801.780029,806.969971,806.969971,1241200,529
"530","GOOG",2017-02-08,807,811.840027,803.190002,808.380005,808.380005,1155300,530
"531","GOOG",2017-02-09,809.51001,810.659973,804.539978,809.559998,809.559998,989700,531
"532","GOOG",2017-02-10,811.700012,815.25,809.780029,813.669983,813.669983,1135000,532
"533","GOOG",2017-02-13,816,820.958984,815.48999,819.23999,819.23999,1213300,533
"534","GOOG",2017-02-14,819,823,816,820.450012,820.450012,1053600,534
"535","GOOG",2017-02-15,819.359985,823,818.469971,818.97998,818.97998,1313600,535
"536","GOOG",2017-02-16,819.929993,824.400024,818.97998,824.159973,824.159973,1287600,536
"537","GOOG",2017-02-17,823.02002,828.070007,821.655029,828.070007,828.070007,1611000,537
"538","GOOG",2017-02-21,828.659973,833.450012,828.349976,831.659973,831.659973,1262300,538
"539","GOOG",2017-02-22,828.659973,833.25,828.640015,830.76001,830.76001,982900,539
"540","GOOG",2017-02-23,830.119995,832.460022,822.880005,831.330017,831.330017,1472800,540
"541","GOOG",2017-02-24,827.72998,829,824.200012,828.640015,828.640015,1392200,541
"542","GOOG",2017-02-27,824.549988,830.5,824,829.280029,829.280029,1101500,542
"543","GOOG",2017-02-28,825.609985,828.539978,820.200012,823.210022,823.210022,2260800,543
"544","GOOG",2017-03-01,828.849976,836.255005,827.26001,835.23999,835.23999,1496500,544
"545","GOOG",2017-03-02,833.849976,834.51001,829.640015,830.630005,830.630005,942500,545
"546","GOOG",2017-03-03,830.559998,831.359985,825.750977,829.080017,829.080017,896400,546
"547","GOOG",2017-03-06,826.950012,828.880005,822.400024,827.780029,827.780029,1109000,547
"548","GOOG",2017-03-07,827.400024,833.409973,826.52002,831.909973,831.909973,1037600,548
"549","GOOG",2017-03-08,833.51001,838.150024,831.789978,835.369995,835.369995,989800,549
"550","GOOG",2017-03-09,836,842,834.210022,838.679993,838.679993,1261500,550
"551","GOOG",2017-03-10,843.280029,844.909973,839.5,843.25,843.25,1704000,551
"552","GOOG",2017-03-13,844,848.684998,843.25,845.539978,845.539978,1223600,552
"553","GOOG",2017-03-14,843.640015,847.23999,840.799988,845.619995,845.619995,779900,553
"554","GOOG",2017-03-15,847.590027,848.630005,840.77002,847.200012,847.200012,1381500,554
"555","GOOG",2017-03-16,849.030029,850.849976,846.130005,848.780029,848.780029,977600,555
"556","GOOG",2017-03-17,851.609985,853.400024,847.109985,852.119995,852.119995,1712300,556
"557","GOOG",2017-03-20,850.01001,850.219971,845.150024,848.400024,848.400024,1231500,557
"558","GOOG",2017-03-21,851.400024,853.5,829.02002,830.460022,830.460022,2463500,558
"559","GOOG",2017-03-22,831.909973,835.549988,827.179993,829.590027,829.590027,1401500,559
"560","GOOG",2017-03-23,821,822.570007,812.257019,817.580017,817.580017,3487100,560
"561","GOOG",2017-03-24,820.080017,821.929993,808.890015,814.429993,814.429993,1981000,561
"562","GOOG",2017-03-27,806.950012,821.630005,803.369995,819.51001,819.51001,1894300,562
"563","GOOG",2017-03-28,820.409973,825.98999,814.026978,820.919983,820.919983,1620500,563
"564","GOOG",2017-03-29,825,832.765015,822.380005,831.409973,831.409973,1786300,564
"565","GOOG",2017-03-30,833.5,833.679993,829,831.5,831.5,1055300,565
"566","GOOG",2017-03-31,828.969971,831.640015,827.390015,829.559998,829.559998,1401900,566
"567","GOOG",2017-04-03,829.219971,840.849976,829.219971,838.549988,838.549988,1671500,567
"568","GOOG",2017-04-04,831.359985,835.179993,829.036011,834.570007,834.570007,1045400,568
"569","GOOG",2017-04-05,835.51001,842.450012,830.719971,831.409973,831.409973,1555300,569
"570","GOOG",2017-04-06,832.400024,836.390015,826.460022,827.880005,827.880005,1254400,570
"571","GOOG",2017-04-07,827.960022,828.484985,820.513,824.669983,824.669983,1057300,571
"572","GOOG",2017-04-10,825.390015,829.349976,823.77002,824.72998,824.72998,978900,572
"573","GOOG",2017-04-11,824.710022,827.427002,817.02002,823.349976,823.349976,1079700,573
"574","GOOG",2017-04-12,821.929993,826.659973,821.02002,824.320007,824.320007,900500,574
"575","GOOG",2017-04-13,822.140015,826.380005,821.440002,823.559998,823.559998,1122400,575
"576","GOOG",2017-04-17,825.01001,837.75,824.469971,837.169983,837.169983,895000,576
"577","GOOG",2017-04-18,834.219971,838.929993,832.710022,836.820007,836.820007,836700,577
"578","GOOG",2017-04-19,839.789978,842.219971,836.289978,838.210022,838.210022,954200,578
"579","GOOG",2017-04-20,841.440002,845.200012,839.320007,841.650024,841.650024,959000,579
"580","GOOG",2017-04-21,842.880005,843.880005,840.599976,843.190002,843.190002,1323600,580
"581","GOOG",2017-04-24,851.200012,863.450012,849.859985,862.76001,862.76001,1372500,581
"582","GOOG",2017-04-25,865,875,862.809998,872.299988,872.299988,1672000,582
"583","GOOG",2017-04-26,874.22998,876.049988,867.747986,871.72998,871.72998,1237200,583
"584","GOOG",2017-04-27,873.599976,875.400024,870.380005,874.25,874.25,2026800,584
"585","GOOG",2017-04-28,910.659973,916.849976,905.77002,905.960022,905.960022,3219500,585
"586","GOOG",2017-05-01,901.940002,915.679993,901.450012,912.570007,912.570007,2116000,586
"587","GOOG",2017-05-02,909.619995,920.77002,909.453003,916.440002,916.440002,1587200,587
"588","GOOG",2017-05-03,914.859985,928.099976,912.54303,927.039978,927.039978,1499500,588
"589","GOOG",2017-05-04,926.070007,935.929993,924.590027,931.659973,931.659973,1422100,589
"590","GOOG",2017-05-05,933.539978,934.900024,925.200012,927.130005,927.130005,1911300,590
"591","GOOG",2017-05-08,926.119995,936.924988,925.26001,934.299988,934.299988,1329800,591
"592","GOOG",2017-05-09,936.950012,937.5,929.530029,932.169983,932.169983,1581800,592
"593","GOOG",2017-05-10,931.97998,932,925.159973,928.780029,928.780029,1173900,593
"594","GOOG",2017-05-11,925.320007,932.530029,923.030029,930.599976,930.599976,835000,594
"595","GOOG",2017-05-12,931.530029,933.440002,927.849976,932.219971,932.219971,1050600,595
"596","GOOG",2017-05-15,932.950012,938.25,929.340027,937.080017,937.080017,1108100,596
"597","GOOG",2017-05-16,940,943.109985,937.580017,943,943,969500,597
"598","GOOG",2017-05-17,935.669983,939.333008,918.140015,919.619995,919.619995,2362100,598
"599","GOOG",2017-05-18,921,933.169983,918.75,930.23999,930.23999,1596900,599
"600","GOOG",2017-05-19,931.469971,937.755005,931,934.01001,934.01001,1393000,600
"601","GOOG",2017-05-22,935,941.882996,935,941.859985,941.859985,1120400,601
"602","GOOG",2017-05-23,947.919983,951.46698,942.575012,948.820007,948.820007,1270800,602
"603","GOOG",2017-05-24,952.97998,955.090027,949.5,954.960022,954.960022,1024800,603
"604","GOOG",2017-05-25,957.330017,972.629028,955.469971,969.539978,969.539978,1660500,604
"605","GOOG",2017-05-26,969.700012,974.97998,965.030029,971.469971,971.469971,1252000,605
"606","GOOG",2017-05-30,970.309998,976.200012,969.48999,975.880005,975.880005,1466700,606
"607","GOOG",2017-05-31,975.02002,979.27002,960.179993,964.859985,964.859985,2448100,607
"608","GOOG",2017-06-01,968.950012,971.5,960.01001,966.950012,966.950012,1410500,608
"609","GOOG",2017-06-02,969.460022,975.880005,966,975.599976,975.599976,1751000,609
"610","GOOG",2017-06-05,976.549988,986.909973,975.099976,983.679993,983.679993,1252100,610
"611","GOOG",2017-06-06,983.159973,988.25,975.140015,976.570007,976.570007,1814600,611
"612","GOOG",2017-06-07,980,983.97998,975.940002,980.940002,980.940002,1453900,612
"613","GOOG",2017-06-08,982.349976,984.570007,977.200012,983.409973,983.409973,1471500,613
"614","GOOG",2017-06-09,984.5,984.5,935.630005,949.830017,949.830017,3309400,614
"615","GOOG",2017-06-12,939.559998,949.35498,915.232971,942.900024,942.900024,3763500,615
"616","GOOG",2017-06-13,951.909973,959.97998,944.090027,953.400024,953.400024,2013300,616
"617","GOOG",2017-06-14,959.919983,961.150024,942.25,950.76001,950.76001,1489700,617
"618","GOOG",2017-06-15,933.969971,943.338989,924.440002,942.309998,942.309998,2133100,618
"619","GOOG",2017-06-16,940,942.039978,931.594971,939.780029,939.780029,3094700,619
"620","GOOG",2017-06-19,949.960022,959.98999,949.049988,957.369995,957.369995,1533300,620
"621","GOOG",2017-06-20,957.52002,961.619995,950.01001,950.630005,950.630005,1126000,621
"622","GOOG",2017-06-21,953.640015,960.099976,950.76001,959.450012,959.450012,1202200,622
"623","GOOG",2017-06-22,958.700012,960.719971,954.549988,957.090027,957.090027,941400,623
"624","GOOG",2017-06-23,956.830017,966,954.200012,965.590027,965.590027,1527900,624
"625","GOOG",2017-06-26,969.900024,973.309998,950.789978,952.27002,952.27002,1598400,625
"626","GOOG",2017-06-27,942.460022,948.289978,926.849976,927.330017,927.330017,2579900,626
"627","GOOG",2017-06-28,929,942.75,916,940.48999,940.48999,2721400,627
"628","GOOG",2017-06-29,929.919983,931.26001,910.619995,917.789978,917.789978,3299200,628
"629","GOOG",2017-06-30,926.049988,926.049988,908.309998,908.72998,908.72998,2090200,629
"630","GOOG",2017-07-03,912.179993,913.940002,894.789978,898.700012,898.700012,1709800,630
"631","GOOG",2017-07-05,901.76001,914.51001,898.5,911.710022,911.710022,1813900,631
"632","GOOG",2017-07-06,904.119995,914.94397,899.700012,906.690002,906.690002,1424500,632
"633","GOOG",2017-07-07,908.849976,921.539978,908.849976,918.590027,918.590027,1637800,633
"634","GOOG",2017-07-10,921.77002,930.380005,919.590027,928.799988,928.799988,1192800,634
"635","GOOG",2017-07-11,929.539978,931.429993,922,930.090027,930.090027,1113200,635
"636","GOOG",2017-07-12,938.679993,946.299988,934.469971,943.830017,943.830017,1532100,636
"637","GOOG",2017-07-13,946.289978,954.450012,943.01001,947.159973,947.159973,1294700,637
"638","GOOG",2017-07-14,952,956.909973,948.005005,955.98999,955.98999,1053800,638
"639","GOOG",2017-07-17,957,960.73999,949.241028,953.419983,953.419983,1165500,639
"640","GOOG",2017-07-18,953,968.039978,950.599976,965.400024,965.400024,1154000,640
"641","GOOG",2017-07-19,967.840027,973.039978,964.030029,970.890015,970.890015,1224500,641
"642","GOOG",2017-07-20,975,975.900024,961.51001,968.150024,968.150024,1624500,642
"643","GOOG",2017-07-21,962.25,973.22998,960.150024,972.919983,972.919983,1711000,643
"644","GOOG",2017-07-24,972.219971,986.200012,970.77002,980.340027,980.340027,3248300,644
"645","GOOG",2017-07-25,953.809998,959.700012,945.400024,950.700012,950.700012,4661000,645
"646","GOOG",2017-07-26,954.679993,955,942.278992,947.799988,947.799988,2088300,646
"647","GOOG",2017-07-27,951.780029,951.780029,920,934.090027,934.090027,3213000,647
"648","GOOG",2017-07-28,929.400024,943.830017,927.5,941.530029,941.530029,1846400,648
"649","GOOG",2017-07-31,941.890015,943.590027,926.039978,930.5,930.5,1970100,649
"650","GOOG",2017-08-01,932.380005,937.447021,929.26001,930.830017,930.830017,1277700,650
"651","GOOG",2017-08-02,928.609985,932.599976,916.679993,930.390015,930.390015,1824400,651
"652","GOOG",2017-08-03,930.340027,932.23999,922.23999,923.650024,923.650024,1202500,652
"653","GOOG",2017-08-04,926.75,930.307007,923.030029,927.960022,927.960022,1082300,653
"654","GOOG",2017-08-07,929.059998,931.700012,926.5,929.359985,929.359985,1032200,654
"655","GOOG",2017-08-08,927.090027,935.814026,925.609985,926.789978,926.789978,1061600,655
"656","GOOG",2017-08-09,920.609985,925.97998,917.25,922.900024,922.900024,1192100,656
"657","GOOG",2017-08-10,917.549988,919.26001,906.130005,907.23999,907.23999,1824000,657
"658","GOOG",2017-08-11,907.969971,917.780029,905.580017,914.390015,914.390015,1206800,658
"659","GOOG",2017-08-14,922.530029,924.66803,918.190002,922.669983,922.669983,1064500,659
"660","GOOG",2017-08-15,924.22998,926.549988,919.820007,922.219971,922.219971,883400,660
"661","GOOG",2017-08-16,925.289978,932.700012,923.445007,926.960022,926.960022,1006700,661
"662","GOOG",2017-08-17,925.780029,926.859985,910.97998,910.97998,910.97998,1277200,662
"663","GOOG",2017-08-18,910.309998,915.275024,907.153992,910.669983,910.669983,1342700,663
"664","GOOG",2017-08-21,910,913,903.400024,906.659973,906.659973,943400,664
"665","GOOG",2017-08-22,912.719971,925.859985,911.474976,924.690002,924.690002,1166700,665
"666","GOOG",2017-08-23,921.929993,929.929993,919.359985,927,927,1090200,666
"667","GOOG",2017-08-24,928.659973,930.840027,915.5,921.280029,921.280029,1270300,667
"668","GOOG",2017-08-25,923.48999,925.554993,915.5,915.890015,915.890015,1053400,668
"669","GOOG",2017-08-28,916,919.244995,911.869995,913.809998,913.809998,1086500,669
"670","GOOG",2017-08-29,905.099976,923.330017,905,921.289978,921.289978,1185600,670
"671","GOOG",2017-08-30,920.049988,930.81897,919.650024,929.570007,929.570007,1301200,671
"672","GOOG",2017-08-31,931.76001,941.97998,931.76001,939.330017,939.330017,1582600,672
"673","GOOG",2017-09-01,941.130005,942.47998,935.150024,937.340027,937.340027,947400,673
"674","GOOG",2017-09-05,933.080017,937,921.960022,928.450012,928.450012,1326400,674
"675","GOOG",2017-09-06,930.150024,930.914978,919.27002,927.809998,927.809998,1527700,675
"676","GOOG",2017-09-07,931.72998,936.409973,923.619995,935.950012,935.950012,1212700,676
"677","GOOG",2017-09-08,936.48999,936.98999,924.880005,926.5,926.5,1011500,677
"678","GOOG",2017-09-11,934.25,938.380005,926.919983,929.080017,929.080017,1267000,678
"679","GOOG",2017-09-12,932.590027,933.47998,923.861023,932.070007,932.070007,1134400,679
"680","GOOG",2017-09-13,930.659973,937.25,929.859985,935.090027,935.090027,1102600,680
"681","GOOG",2017-09-14,931.25,932.77002,924,925.109985,925.109985,1397600,681
"682","GOOG",2017-09-15,924.659973,926.48999,916.359985,920.289978,920.289978,2505400,682
"683","GOOG",2017-09-18,920.01001,922.080017,910.599976,915,915,1306900,683
"684","GOOG",2017-09-19,917.419983,922.419983,912.549988,921.809998,921.809998,936700,684
"685","GOOG",2017-09-20,922.97998,933.880005,922,931.580017,931.580017,1669800,685
"686","GOOG",2017-09-21,933,936.530029,923.830017,932.450012,932.450012,1290600,686
"687","GOOG",2017-09-22,927.75,934.72998,926.47998,928.530029,928.530029,1052700,687
"688","GOOG",2017-09-25,925.450012,926.400024,909.700012,920.969971,920.969971,1856800,688
"689","GOOG",2017-09-26,923.719971,930.820007,921.140015,924.859985,924.859985,1666900,689
"690","GOOG",2017-09-27,927.73999,949.900024,927.73999,944.48999,944.48999,2239400,690
"691","GOOG",2017-09-28,941.359985,950.690002,940.549988,949.5,949.5,1020300,691
"692","GOOG",2017-09-29,952,959.786011,951.51001,959.109985,959.109985,1581000,692
"693","GOOG",2017-10-02,959.97998,962.539978,947.840027,953.27002,953.27002,1283400,693
"694","GOOG",2017-10-03,954,958,949.140015,957.789978,957.789978,888300,694
"695","GOOG",2017-10-04,957,960.390015,950.690002,951.679993,951.679993,952400,695
"696","GOOG",2017-10-05,955.48999,970.909973,955.179993,969.960022,969.960022,1213800,696
"697","GOOG",2017-10-06,966.700012,979.460022,963.359985,978.890015,978.890015,1173900,697
"698","GOOG",2017-10-09,980,985.424988,976.109985,977,977,891400,698
"699","GOOG",2017-10-10,980,981.570007,966.080017,972.599976,972.599976,968400,699
"700","GOOG",2017-10-11,973.719971,990.710022,972.25,989.25,989.25,1693300,700
"701","GOOG",2017-10-12,987.450012,994.119995,985,987.830017,987.830017,1262400,701
"702","GOOG",2017-10-13,992,997.210022,989,989.679993,989.679993,1169800,702
"703","GOOG",2017-10-16,992.099976,993.906982,984,992,992,910500,703
"704","GOOG",2017-10-17,990.289978,996.440002,988.590027,992.179993,992.179993,1290200,704
"705","GOOG",2017-10-18,991.77002,996.719971,986.974976,992.809998,992.809998,1057600,705
"706","GOOG",2017-10-19,986,988.880005,978.390015,984.450012,984.450012,1313600,706
"707","GOOG",2017-10-20,989.440002,991,984.580017,988.200012,988.200012,1183200,707
"708","GOOG",2017-10-23,989.52002,989.52002,966.119995,968.450012,968.450012,1478400,708
"709","GOOG",2017-10-24,970,972.22998,961,970.539978,970.539978,1212200,709
"710","GOOG",2017-10-25,968.369995,976.090027,960.52002,973.330017,973.330017,1211300,710
"711","GOOG",2017-10-26,980,987.599976,972.200012,972.559998,972.559998,2042100,711
"712","GOOG",2017-10-27,1009.190002,1048.390015,1008.200012,1019.27002,1019.27002,5167700,712
"713","GOOG",2017-10-30,1014,1024.969971,1007.5,1017.109985,1017.109985,2085100,713
"714","GOOG",2017-10-31,1015.219971,1024,1010.419983,1016.640015,1016.640015,1330700,714
"715","GOOG",2017-11-01,1017.210022,1029.670044,1016.950012,1025.5,1025.5,1373400,715
"716","GOOG",2017-11-02,1021.76001,1028.089966,1013.01001,1025.579956,1025.579956,1049000,716
"717","GOOG",2017-11-03,1022.109985,1032.650024,1020.309998,1032.47998,1032.47998,1076400,717
"718","GOOG",2017-11-06,1028.98999,1034.869995,1025,1025.900024,1025.900024,1125200,718
"719","GOOG",2017-11-07,1027.27002,1033.969971,1025.130005,1033.329956,1033.329956,1112300,719
"720","GOOG",2017-11-08,1030.52002,1043.521973,1028.449951,1039.849976,1039.849976,1088700,720
"721","GOOG",2017-11-09,1033.98999,1033.98999,1019.666016,1031.26001,1031.26001,1245200,721
"722","GOOG",2017-11-10,1026.459961,1030.76001,1025.280029,1028.069946,1028.069946,720000,722
"723","GOOG",2017-11-13,1023.419983,1031.579956,1022.570007,1025.75,1025.75,885800,723
"724","GOOG",2017-11-14,1022.590027,1026.810059,1014.150024,1026,1026,959200,724
"725","GOOG",2017-11-15,1019.210022,1024.089966,1015.419983,1020.909973,1020.909973,854000,725
"726","GOOG",2017-11-16,1022.52002,1035.920044,1022.52002,1032.5,1032.5,1129700,726
"727","GOOG",2017-11-17,1034.01001,1034.420044,1017.75,1019.090027,1019.090027,1397100,727
"728","GOOG",2017-11-20,1020.26001,1022.609985,1017.5,1018.380005,1018.380005,953500,728
"729","GOOG",2017-11-21,1023.309998,1035.109985,1022.655029,1034.48999,1034.48999,1097000,729
"730","GOOG",2017-11-22,1035,1039.706055,1031.430054,1035.959961,1035.959961,746300,730
"731","GOOG",2017-11-24,1035.869995,1043.177979,1035,1040.609985,1040.609985,537000,731
"732","GOOG",2017-11-27,1040,1055.459961,1038.439941,1054.209961,1054.209961,1307900,732
"733","GOOG",2017-11-28,1055.089966,1062.375,1040,1047.410034,1047.410034,1424400,733
"734","GOOG",2017-11-29,1042.680054,1044.079956,1015.650024,1021.659973,1021.659973,2459400,734
"735","GOOG",2017-11-30,1022.369995,1028.48999,1015,1021.409973,1021.409973,1724000,735
"736","GOOG",2017-12-01,1015.799988,1022.48999,1002.02002,1010.169983,1010.169983,1909600,736
"737","GOOG",2017-12-04,1012.659973,1016.099976,995.570007,998.679993,998.679993,1906400,737
"738","GOOG",2017-12-05,995.940002,1020.609985,988.280029,1005.150024,1005.150024,2067300,738
"739","GOOG",2017-12-06,1001.5,1024.969971,1001.140015,1018.380005,1018.380005,1272000,739
"740","GOOG",2017-12-07,1020.429993,1034.23999,1018.070984,1030.930054,1030.930054,1458200,740
"741","GOOG",2017-12-08,1037.48999,1042.050049,1032.521973,1037.050049,1037.050049,1290800,741
"742","GOOG",2017-12-11,1035.5,1043.800049,1032.050049,1041.099976,1041.099976,1192800,742
"743","GOOG",2017-12-12,1039.630005,1050.310059,1033.689941,1040.47998,1040.47998,1279500,743
"744","GOOG",2017-12-13,1046.119995,1046.665039,1038.380005,1040.609985,1040.609985,1282700,744
"745","GOOG",2017-12-14,1045,1058.5,1043.109985,1049.150024,1049.150024,1558700,745
"746","GOOG",2017-12-15,1054.609985,1067.619995,1049.5,1064.189941,1064.189941,3275900,746
"747","GOOG",2017-12-18,1066.079956,1078.48999,1062,1077.140015,1077.140015,1554600,747
"748","GOOG",2017-12-19,1075.199951,1076.839966,1063.550049,1070.680054,1070.680054,1338700,748
"749","GOOG",2017-12-20,1071.780029,1073.380005,1061.52002,1064.949951,1064.949951,1268600,749
"750","GOOG",2017-12-21,1064.949951,1069.329956,1061.793945,1063.630005,1063.630005,995700,750
"751","GOOG",2017-12-22,1061.109985,1064.199951,1059.439941,1060.119995,1060.119995,755100,751
"752","GOOG",2017-12-26,1058.069946,1060.119995,1050.199951,1056.73999,1056.73999,760600,752
"753","GOOG",2017-12-27,1057.390015,1058.369995,1048.050049,1049.369995,1049.369995,1271900,753
"754","GOOG",2017-12-28,1051.599976,1054.75,1044.77002,1048.140015,1048.140015,837100,754
"755","GOOG",2017-12-29,1046.719971,1049.699951,1044.900024,1046.400024,1046.400024,887500,755
"756","GOOG",2018-01-02,1048.339966,1066.939941,1045.22998,1065,1065,1237600,756
"757","GOOG",2018-01-03,1064.310059,1086.290039,1063.209961,1082.47998,1082.47998,1430200,757
"758","GOOG",2018-01-04,1088,1093.569946,1084.001953,1086.400024,1086.400024,1004600,758
"759","GOOG",2018-01-05,1094,1104.25,1092,1102.22998,1102.22998,1279100,759
"760","GOOG",2018-01-08,1102.22998,1111.27002,1101.619995,1106.939941,1106.939941,1047600,760
"761","GOOG",2018-01-09,1109.400024,1110.569946,1101.230957,1106.26001,1106.26001,902500,761
"762","GOOG",2018-01-10,1097.099976,1104.599976,1096.109985,1102.609985,1102.609985,1042800,762
"763","GOOG",2018-01-11,1106.300049,1106.525024,1099.589966,1105.52002,1105.52002,978300,763
"764","GOOG",2018-01-12,1102.410034,1124.290039,1101.150024,1122.26001,1122.26001,1720500,764
"765","GOOG",2018-01-16,1132.51001,1139.910034,1117.832031,1121.76001,1121.76001,1575300,765
"766","GOOG",2018-01-17,1126.219971,1132.599976,1117.01001,1131.97998,1131.97998,1198700,766
"767","GOOG",2018-01-18,1131.410034,1132.51001,1117.5,1129.790039,1129.790039,1198200,767
"768","GOOG",2018-01-19,1131.829956,1137.859985,1128.300049,1137.51001,1137.51001,1778200,768
"769","GOOG",2018-01-22,1137.48999,1159.880005,1135.109985,1155.810059,1155.810059,1618000,769
"770","GOOG",2018-01-23,1159.849976,1171.626953,1158.75,1169.969971,1169.969971,1333100,770
"771","GOOG",2018-01-24,1177.329956,1179.859985,1161.050049,1164.23999,1164.23999,1416600,771
"772","GOOG",2018-01-25,1172.530029,1175.939941,1162.76001,1170.369995,1170.369995,1480500,772
"773","GOOG",2018-01-26,1175.079956,1175.839966,1158.109985,1175.839966,1175.839966,2018800,773
"774","GOOG",2018-01-29,1176.47998,1186.890015,1171.97998,1175.579956,1175.579956,1378900,774
"775","GOOG",2018-01-30,1167.829956,1176.52002,1163.52002,1163.689941,1163.689941,1556300,775
"776","GOOG",2018-01-31,1170.569946,1173,1159.130005,1169.939941,1169.939941,1538700,776
"777","GOOG",2018-02-01,1162.609985,1174,1157.52002,1167.699951,1167.699951,2412100,777
"778","GOOG",2018-02-02,1122,1123.069946,1107.277954,1111.900024,1111.900024,4857900,778
"779","GOOG",2018-02-05,1090.599976,1110,1052.030029,1055.800049,1055.800049,3798300,779
"780","GOOG",2018-02-06,1027.180054,1081.709961,1023.137024,1080.599976,1080.599976,3448000,780
"781","GOOG",2018-02-07,1081.540039,1081.780029,1048.26001,1048.579956,1048.579956,2369200,781
"782","GOOG",2018-02-08,1055.410034,1058.619995,1000.659973,1001.52002,1001.52002,2859100,782
"783","GOOG",2018-02-09,1017.25,1043.969971,992.559998,1037.780029,1037.780029,3505900,783
"784","GOOG",2018-02-12,1048,1061.5,1040.927979,1051.939941,1051.939941,2057700,784
"785","GOOG",2018-02-13,1045,1058.369995,1044.087036,1052.099976,1052.099976,1265100,785
"786","GOOG",2018-02-14,1048.949951,1071.719971,1046.75,1069.699951,1069.699951,1555800,786
"787","GOOG",2018-02-15,1079.069946,1091.479004,1064.339966,1089.52002,1089.52002,1843400,787
"788","GOOG",2018-02-16,1088.410034,1104.670044,1088.312988,1094.800049,1094.800049,1681600,788
"789","GOOG",2018-02-20,1090.569946,1113.949951,1088.52002,1102.459961,1102.459961,1423100,789
"790","GOOG",2018-02-21,1106.469971,1133.969971,1106.329956,1111.339966,1111.339966,1512900,790
"791","GOOG",2018-02-22,1116.189941,1122.819946,1102.589966,1106.630005,1106.630005,1317200,791
"792","GOOG",2018-02-23,1112.640015,1127.280029,1104.713989,1126.790039,1126.790039,1261000,792
"793","GOOG",2018-02-26,1127.800049,1143.959961,1126.694946,1143.75,1143.75,1559100,793
"794","GOOG",2018-02-27,1141.23999,1144.040039,1118,1118.290039,1118.290039,1774100,794
"795","GOOG",2018-02-28,1123.030029,1127.530029,1103.23999,1104.72998,1104.72998,1882600,795
"796","GOOG",2018-03-01,1107.869995,1110.119995,1067.000977,1069.52002,1069.52002,2515900,796
"797","GOOG",2018-03-02,1053.079956,1081.999023,1048.11499,1078.920044,1078.920044,2271600,797
"798","GOOG",2018-03-05,1075.140015,1097.099976,1069,1090.930054,1090.930054,1202200,798
"799","GOOG",2018-03-06,1099.219971,1101.849976,1089.775024,1095.060059,1095.060059,1532800,799
"800","GOOG",2018-03-07,1089.189941,1112.219971,1085.482056,1109.640015,1109.640015,1292500,800
"801","GOOG",2018-03-08,1115.319946,1127.599976,1112.800049,1126,1126,1355100,801
"802","GOOG",2018-03-09,1136,1160.800049,1132.46106,1160.040039,1160.040039,2128000,802
"803","GOOG",2018-03-12,1163.849976,1177.050049,1157.420044,1164.5,1164.5,2172300,803
"804","GOOG",2018-03-13,1170,1176.76001,1133.329956,1138.170044,1138.170044,1907200,804
"805","GOOG",2018-03-14,1145.209961,1158.589966,1141.439941,1149.48999,1149.48999,1291400,805
"806","GOOG",2018-03-15,1149.959961,1161.079956,1134.540039,1149.579956,1149.579956,1395400,806
"807","GOOG",2018-03-16,1154.140015,1155.880005,1131.959961,1135.72998,1135.72998,3092000,807
"808","GOOG",2018-03-19,1120.01001,1121.98999,1089.01001,1099.819946,1099.819946,2805900,808
"809","GOOG",2018-03-20,1099,1105.199951,1083.459961,1097.709961,1097.709961,1831900,809
"810","GOOG",2018-03-21,1092.73999,1106.300049,1085.150024,1090.880005,1090.880005,1878900,810
"811","GOOG",2018-03-22,1081.880005,1082.900024,1045.910034,1049.079956,1049.079956,2667000,811
"812","GOOG",2018-03-23,1047.030029,1063.359985,1021.219971,1021.570007,1021.570007,2156700,812
"813","GOOG",2018-03-26,1046,1055.630005,1008.400024,1053.209961,1053.209961,2665100,813
"814","GOOG",2018-03-27,1063,1064.838989,996.919983,1005.099976,1005.099976,3095300,814
"815","GOOG",2018-03-28,998,1024.22998,980.640015,1004.559998,1004.559998,3369300,815
"816","GOOG",2018-03-29,1011.630005,1043,1002.900024,1031.790039,1031.790039,2726800,816
"817","GOOG",2018-04-02,1022.820007,1034.800049,990.369995,1006.469971,1006.469971,2680400,817
"818","GOOG",2018-04-03,1013.909973,1020.98999,994.070007,1013.409973,1013.409973,2275100,818
"819","GOOG",2018-04-04,993.409973,1028.718018,993,1025.140015,1025.140015,2484700,819
"820","GOOG",2018-04-05,1041.329956,1042.790039,1020.130981,1027.810059,1027.810059,1363000,820
"821","GOOG",2018-04-06,1020,1031.420044,1003.030029,1007.039978,1007.039978,1746400,821
"822","GOOG",2018-04-09,1016.799988,1039.599976,1014.080017,1015.450012,1015.450012,1751600,822
"823","GOOG",2018-04-10,1026.439941,1036.280029,1011.340027,1031.640015,1031.640015,1974500,823
"824","GOOG",2018-04-11,1027.98999,1031.364014,1015.869995,1019.969971,1019.969971,1483900,824
"825","GOOG",2018-04-12,1025.040039,1040.689941,1021.434998,1032.51001,1032.51001,1357000,825
"826","GOOG",2018-04-13,1040.880005,1046.420044,1022.97998,1029.27002,1029.27002,1223000,826
"827","GOOG",2018-04-16,1037,1043.23999,1026.73999,1037.97998,1037.97998,1211200,827
"828","GOOG",2018-04-17,1051.369995,1077.880005,1048.26001,1074.160034,1074.160034,2320300,828
"829","GOOG",2018-04-18,1077.430054,1077.430054,1066.224976,1072.079956,1072.079956,1344100,829
"830","GOOG",2018-04-19,1069.400024,1094.165039,1068.180054,1087.699951,1087.699951,1747700,830
"831","GOOG",2018-04-20,1082,1092.349976,1069.569946,1072.959961,1072.959961,1889700,831
"832","GOOG",2018-04-23,1077.859985,1082.719971,1060.699951,1067.449951,1067.449951,2341300,832
"833","GOOG",2018-04-24,1052,1057,1010.590027,1019.97998,1019.97998,4760300,833
"834","GOOG",2018-04-25,1025.52002,1032.48999,1015.309998,1021.179993,1021.179993,2391100,834
"835","GOOG",2018-04-26,1029.51001,1047.97998,1018.190002,1040.040039,1040.040039,2079500,835
"836","GOOG",2018-04-27,1046,1049.5,1025.589966,1030.050049,1030.050049,1619800,836
"837","GOOG",2018-04-30,1030.01001,1037,1016.849976,1017.330017,1017.330017,1671300,837
"838","GOOG",2018-05-01,1013.659973,1038.469971,1008.210022,1037.310059,1037.310059,1427900,838
"839","GOOG",2018-05-02,1028.099976,1040.389038,1022.869995,1024.380005,1024.380005,1603100,839
"840","GOOG",2018-05-03,1019,1029.675049,1006.289978,1023.719971,1023.719971,1815100,840
"841","GOOG",2018-05-04,1016.900024,1048.51001,1016.900024,1048.209961,1048.209961,1938700,841
"842","GOOG",2018-05-07,1049.22998,1061.680054,1047.099976,1054.790039,1054.790039,1466100,842
"843","GOOG",2018-05-08,1058.540039,1060.550049,1047.14502,1053.910034,1053.910034,1217700,843
"844","GOOG",2018-05-09,1058.099976,1085.439941,1056.36499,1082.76001,1082.76001,2032800,844
"845","GOOG",2018-05-10,1086.030029,1100.439941,1085.640015,1097.569946,1097.569946,1443000,845
"846","GOOG",2018-05-11,1093.599976,1101.329956,1090.910034,1098.26001,1098.26001,1253700,846
"847","GOOG",2018-05-14,1100,1110.75,1099.109985,1100.199951,1100.199951,1518100,847
"848","GOOG",2018-05-15,1090,1090.050049,1073.469971,1079.22998,1079.22998,1494900,848
"849","GOOG",2018-05-16,1077.310059,1089.27002,1076.26001,1081.77002,1081.77002,1097300,849
"850","GOOG",2018-05-17,1079.890015,1086.869995,1073.5,1078.589966,1078.589966,1043800,850
"851","GOOG",2018-05-18,1061.859985,1069.939941,1060.680054,1066.359985,1066.359985,1565200,851
"852","GOOG",2018-05-21,1074.060059,1088,1073.650024,1079.579956,1079.579956,1023200,852
"853","GOOG",2018-05-22,1083.560059,1086.589966,1066.689941,1069.72998,1069.72998,1090000,853
"854","GOOG",2018-05-23,1065.130005,1080.780029,1061.709961,1079.689941,1079.689941,1030000,854
"855","GOOG",2018-05-24,1079,1080.469971,1066.150024,1079.23999,1079.23999,766800,855
"856","GOOG",2018-05-25,1079.02002,1082.560059,1073.775024,1075.660034,1075.660034,899400,856
"857","GOOG",2018-05-29,1064.890015,1073.369995,1055.219971,1060.319946,1060.319946,1865100,857
"858","GOOG",2018-05-30,1063.030029,1069.209961,1056.829956,1067.800049,1067.800049,1138500,858
"859","GOOG",2018-05-31,1067.560059,1097.189941,1067.560059,1084.98999,1084.98999,3088300,859
"860","GOOG",2018-06-01,1099.349976,1120,1098.5,1119.5,1119.5,2421600,860
"861","GOOG",2018-06-04,1122.329956,1141.890015,1122.005005,1139.290039,1139.290039,1889600,861
"862","GOOG",2018-06-05,1140.98999,1145.738037,1133.189941,1139.660034,1139.660034,1678000,862
"863","GOOG",2018-06-06,1142.170044,1143,1125.743042,1136.880005,1136.880005,1698200,863
"864","GOOG",2018-06-07,1131.319946,1135.819946,1116.52002,1123.859985,1123.859985,1520000,864
"865","GOOG",2018-06-08,1118.180054,1126.670044,1112.150024,1120.869995,1120.869995,1290800,865
"866","GOOG",2018-06-11,1118.599976,1137.26001,1118.599976,1129.98999,1129.98999,1079300,866
"867","GOOG",2018-06-12,1131.069946,1139.790039,1130.734985,1139.319946,1139.319946,912000,867
"868","GOOG",2018-06-13,1141.119995,1146.5,1133.380005,1134.790039,1134.790039,1506400,868
"869","GOOG",2018-06-14,1143.849976,1155.469971,1140.640015,1152.119995,1152.119995,1343400,869
"870","GOOG",2018-06-15,1148.859985,1153.420044,1143.484985,1152.26001,1152.26001,2122500,870
"871","GOOG",2018-06-18,1143.650024,1174.310059,1143.589966,1173.459961,1173.459961,1413700,871
"872","GOOG",2018-06-19,1158.5,1171.27002,1154.01001,1168.060059,1168.060059,1621000,872
"873","GOOG",2018-06-20,1175.310059,1186.286011,1169.160034,1169.839966,1169.839966,1648500,873
"874","GOOG",2018-06-21,1174.849976,1177.295044,1152.232056,1157.660034,1157.660034,1238100,874
"875","GOOG",2018-06-22,1159.140015,1162.496948,1147.26001,1155.47998,1155.47998,1311000,875
"876","GOOG",2018-06-25,1143.599976,1143.910034,1112.780029,1124.810059,1124.810059,2157300,876
"877","GOOG",2018-06-26,1128,1133.209961,1116.659058,1118.459961,1118.459961,1563200,877
"878","GOOG",2018-06-27,1121.339966,1131.83606,1103.619995,1103.97998,1103.97998,1293900,878
"879","GOOG",2018-06-28,1102.089966,1122.310059,1096.01001,1114.219971,1114.219971,1072400,879
"880","GOOG",2018-06-29,1120,1128.227051,1115,1115.650024,1115.650024,1315100,880
"881","GOOG",2018-07-02,1099,1128,1093.800049,1127.459961,1127.459961,1217300,881
"882","GOOG",2018-07-03,1135.819946,1135.819946,1100.02002,1102.890015,1102.890015,679000,882
"883","GOOG",2018-07-05,1110.530029,1127.5,1108.47998,1124.27002,1124.27002,1066700,883
"884","GOOG",2018-07-06,1123.579956,1140.930054,1120.737061,1140.170044,1140.170044,996100,884
"885","GOOG",2018-07-09,1148.47998,1154.670044,1143.420044,1154.050049,1154.050049,909000,885
"886","GOOG",2018-07-10,1156.97998,1159.589966,1149.589966,1152.839966,1152.839966,798400,886
"887","GOOG",2018-07-11,1144.589966,1164.290039,1141,1153.900024,1153.900024,1120000,887
"888","GOOG",2018-07-12,1159.890015,1184.410034,1155.935059,1183.47998,1183.47998,1251900,888
"889","GOOG",2018-07-13,1185,1195.416992,1180,1188.819946,1188.819946,1221900,889
"890","GOOG",2018-07-16,1189.390015,1191,1179.280029,1183.859985,1183.859985,1055700,890
"891","GOOG",2018-07-17,1172.219971,1203.040039,1170.599976,1198.800049,1198.800049,1610400,891
"892","GOOG",2018-07-18,1196.560059,1204.5,1190.339966,1195.880005,1195.880005,1393600,892
"893","GOOG",2018-07-19,1191,1200,1183.319946,1186.959961,1186.959961,1276700,893
"894","GOOG",2018-07-20,1186.959961,1196.859985,1184.219971,1184.910034,1184.910034,1247400,894
"895","GOOG",2018-07-23,1181.01001,1206.48999,1181,1205.5,1205.5,2619200,895
"896","GOOG",2018-07-24,1262.589966,1266,1235.560059,1248.079956,1248.079956,3318200,896
"897","GOOG",2018-07-25,1239.130005,1265.859985,1239.130005,1263.699951,1263.699951,2127800,897
"898","GOOG",2018-07-26,1251,1269.770996,1249.02002,1268.329956,1268.329956,2405600,898
"899","GOOG",2018-07-27,1271,1273.890015,1231,1238.5,1238.5,2130600,899
"900","GOOG",2018-07-30,1228.01001,1234.916016,1211.469971,1219.73999,1219.73999,1849900,900
"901","GOOG",2018-07-31,1220.01001,1227.588013,1205.599976,1217.26001,1217.26001,1644700,901
"902","GOOG",2018-08-01,1228,1233.469971,1210.209961,1220.01001,1220.01001,1567200,902
"903","GOOG",2018-08-02,1205.900024,1229.880005,1204.790039,1226.150024,1226.150024,1531300,903
"904","GOOG",2018-08-03,1229.619995,1230,1215.060059,1223.709961,1223.709961,1089600,904
"905","GOOG",2018-08-06,1225,1226.088013,1215.796997,1224.77002,1224.77002,1081700,905
"906","GOOG",2018-08-07,1237,1251.170044,1236.170044,1242.219971,1242.219971,1494000,906
"907","GOOG",2018-08-08,1240.469971,1256.5,1238.008057,1245.609985,1245.609985,1370300,907
"908","GOOG",2018-08-09,1249.900024,1255.541992,1246.01001,1249.099976,1249.099976,841800,908
"909","GOOG",2018-08-10,1243,1245.694946,1232,1237.609985,1237.609985,1108700,909
"910","GOOG",2018-08-13,1236.97998,1249.272949,1233.640991,1235.01001,1235.01001,958100,910
"911","GOOG",2018-08-14,1235.189941,1245.869995,1225.109985,1242.099976,1242.099976,1348100,911
"912","GOOG",2018-08-15,1229.26001,1235.23999,1209.51001,1214.380005,1214.380005,1828800,912
"913","GOOG",2018-08-16,1224.72998,1226,1202.550049,1206.48999,1206.48999,1343200,913
"914","GOOG",2018-08-17,1202.030029,1209.02002,1188.23999,1200.959961,1200.959961,1389600,914
"915","GOOG",2018-08-20,1205.02002,1211,1194.625977,1207.77002,1207.77002,870800,915
"916","GOOG",2018-08-21,1208,1217.26001,1200.354004,1201.619995,1201.619995,1205600,916
"917","GOOG",2018-08-22,1200,1211.839966,1199,1207.329956,1207.329956,887400,917
"918","GOOG",2018-08-23,1207.140015,1221.280029,1204.23999,1205.380005,1205.380005,992600,918
"919","GOOG",2018-08-24,1208.819946,1221.650024,1206.359009,1220.650024,1220.650024,946600,919
"920","GOOG",2018-08-27,1227.599976,1243.089966,1225.715942,1241.819946,1241.819946,1156300,920
"921","GOOG",2018-08-28,1241.290039,1242.545044,1228.689941,1231.150024,1231.150024,1304000,921
"922","GOOG",2018-08-29,1237.449951,1250.660034,1236.359009,1249.300049,1249.300049,1298900,922
"923","GOOG",2018-08-30,1244.22998,1253.63501,1232.589966,1239.119995,1239.119995,1331400,923
"924","GOOG",2018-08-31,1234.97998,1238.660034,1211.285034,1218.189941,1218.189941,1816400,924
"925","GOOG",2018-09-04,1204.27002,1212.98999,1192.5,1197,1197,1831000,925
"926","GOOG",2018-09-05,1193.800049,1199.01001,1162,1186.47998,1186.47998,2061300,926
"927","GOOG",2018-09-06,1186.300049,1186.300049,1152,1171.439941,1171.439941,1888500,927
"928","GOOG",2018-09-07,1158.670044,1175.26001,1157.214966,1164.829956,1164.829956,1401300,928
"929","GOOG",2018-09-10,1172.189941,1174.540039,1160.109985,1164.640015,1164.640015,1115400,929
"930","GOOG",2018-09-11,1161.630005,1178.680054,1156.23999,1177.359985,1177.359985,1209300,930
"931","GOOG",2018-09-12,1172.719971,1178.609985,1158.359985,1162.819946,1162.819946,1295500,931
"932","GOOG",2018-09-13,1170.73999,1178.609985,1162.849976,1175.329956,1175.329956,1431200,932
"933","GOOG",2018-09-14,1179.099976,1180.425049,1168.329956,1172.530029,1172.530029,944000,933
"934","GOOG",2018-09-17,1170.140015,1177.23999,1154.030029,1156.050049,1156.050049,1306500,934
"935","GOOG",2018-09-18,1157.089966,1176.079956,1157.089966,1161.219971,1161.219971,1203600,935
"936","GOOG",2018-09-19,1164.97998,1173.209961,1154.579956,1171.089966,1171.089966,1191400,936
"937","GOOG",2018-09-20,1179.98999,1189.890015,1173.359985,1186.869995,1186.869995,1210000,937
"938","GOOG",2018-09-21,1192,1192.209961,1166.040039,1166.089966,1166.089966,4405600,938
"939","GOOG",2018-09-24,1157.170044,1178,1146.910034,1173.369995,1173.369995,1271000,939
"940","GOOG",2018-09-25,1176.150024,1186.880005,1168,1184.650024,1184.650024,977700,940
"941","GOOG",2018-09-26,1185.150024,1194.22998,1174.765015,1180.48999,1180.48999,1462300,941
"942","GOOG",2018-09-27,1186.72998,1202.099976,1183.630005,1194.640015,1194.640015,1260800,942
"943","GOOG",2018-09-28,1191.869995,1195.410034,1184.5,1193.469971,1193.469971,1380600,943
"944","GOOG",2018-10-01,1199.890015,1209.900024,1190.300049,1195.310059,1195.310059,1357600,944
"945","GOOG",2018-10-02,1190.959961,1209.959961,1186.630005,1200.109985,1200.109985,1687900,945
"946","GOOG",2018-10-03,1205,1206.410034,1193.829956,1202.949951,1202.949951,1256200,946
"947","GOOG",2018-10-04,1195.329956,1197.51001,1155.57605,1168.189941,1168.189941,2209500,947
"948","GOOG",2018-10-05,1167.5,1173.5,1145.119995,1157.349976,1157.349976,1184300,948
"949","GOOG",2018-10-08,1150.109985,1168,1127.364014,1148.969971,1148.969971,1932400,949
"950","GOOG",2018-10-09,1146.150024,1154.349976,1137.572021,1138.819946,1138.819946,1308700,950
"951","GOOG",2018-10-10,1131.079956,1132.170044,1081.130005,1081.219971,1081.219971,2675700,951
"952","GOOG",2018-10-11,1072.939941,1106.400024,1068.27002,1079.319946,1079.319946,2949000,952
"953","GOOG",2018-10-12,1108,1115,1086.401978,1110.079956,1110.079956,2101300,953
"954","GOOG",2018-10-15,1108.910034,1113.446045,1089,1092.25,1092.25,1372400,954
"955","GOOG",2018-10-16,1104.589966,1124.219971,1102.5,1121.280029,1121.280029,1928500,955
"956","GOOG",2018-10-17,1126.459961,1128.98999,1102.189941,1115.689941,1115.689941,1467200,956
"957","GOOG",2018-10-18,1121.839966,1121.839966,1077.089966,1087.969971,1087.969971,2094500,957
"958","GOOG",2018-10-19,1093.369995,1110.359985,1087.75,1096.459961,1096.459961,1267600,958
"959","GOOG",2018-10-22,1103.060059,1112.22998,1091,1101.160034,1101.160034,1514200,959
"960","GOOG",2018-10-23,1080.890015,1107.890015,1070,1103.689941,1103.689941,1848700,960
"961","GOOG",2018-10-24,1104.25,1106.119995,1048.73999,1050.709961,1050.709961,1982400,961
"962","GOOG",2018-10-25,1071.790039,1110.97998,1069.550049,1095.569946,1095.569946,2545800,962
"963","GOOG",2018-10-26,1037.030029,1106.530029,1034.089966,1071.469971,1071.469971,4187600,963
"964","GOOG",2018-10-29,1082.469971,1097.040039,995.830017,1020.080017,1020.080017,3880700,964
"965","GOOG",2018-10-30,1008.460022,1037.48999,1000.75,1036.209961,1036.209961,3212700,965
"966","GOOG",2018-10-31,1059.810059,1091.939941,1057,1076.77002,1076.77002,2529800,966
"967","GOOG",2018-11-01,1075.800049,1083.974976,1062.459961,1070,1070,1482000,967
"968","GOOG",2018-11-02,1073.72998,1082.974976,1054.609985,1057.790039,1057.790039,1839000,968
"969","GOOG",2018-11-05,1055,1058.469971,1021.23999,1040.089966,1040.089966,2441400,969
"970","GOOG",2018-11-06,1039.47998,1064.344971,1038.069946,1055.810059,1055.810059,1233300,970
"971","GOOG",2018-11-07,1069,1095.459961,1065.900024,1093.390015,1093.390015,2058400,971
"972","GOOG",2018-11-08,1091.380005,1093.27002,1072.204956,1082.400024,1082.400024,1488200,972
"973","GOOG",2018-11-09,1073.98999,1075.560059,1053.109985,1066.150024,1066.150024,1343200,973
"974","GOOG",2018-11-12,1061.390015,1062.119995,1031,1038.630005,1038.630005,1471800,974
"975","GOOG",2018-11-13,1043.290039,1056.60498,1031.150024,1036.050049,1036.050049,1513700,975
"976","GOOG",2018-11-14,1050,1054.563965,1031,1043.660034,1043.660034,1565900,976
"977","GOOG",2018-11-15,1044.709961,1071.849976,1031.780029,1064.709961,1064.709961,1836100,977
"978","GOOG",2018-11-16,1059.410034,1067,1048.97998,1061.48999,1061.48999,1658100,978
"979","GOOG",2018-11-19,1057.199951,1060.790039,1016.26001,1020,1020,1858600,979
"980","GOOG",2018-11-20,1000,1031.73999,996.02002,1025.76001,1025.76001,2449100,980
"981","GOOG",2018-11-21,1036.76001,1048.560059,1033.469971,1037.609985,1037.609985,1534300,981
"982","GOOG",2018-11-23,1030,1037.589966,1022.398987,1023.880005,1023.880005,691500,982
"983","GOOG",2018-11-26,1038.349976,1049.310059,1033.910034,1048.619995,1048.619995,1942800,983
"984","GOOG",2018-11-27,1041,1057.579956,1038.48999,1044.410034,1044.410034,1803200,984
"985","GOOG",2018-11-28,1048.76001,1086.839966,1035.76001,1086.22998,1086.22998,2475400,985
"986","GOOG",2018-11-29,1076.079956,1094.244995,1076,1088.300049,1088.300049,1468900,986
"987","GOOG",2018-11-30,1089.069946,1095.569946,1077.880005,1094.430054,1094.430054,2580200,987
"988","GOOG",2018-12-03,1123.140015,1124.650024,1103.665039,1106.430054,1106.430054,1991200,988
"989","GOOG",2018-12-04,1103.119995,1104.420044,1049.97998,1050.819946,1050.819946,2345200,989
"990","GOOG",2018-12-06,1034.26001,1071.199951,1030.77002,1068.72998,1068.72998,2769200,990
"991","GOOG",2018-12-07,1060.01001,1075.26001,1028.5,1036.579956,1036.579956,2101200,991
"992","GOOG",2018-12-10,1035.050049,1048.449951,1023.289978,1039.550049,1039.550049,1807700,992
"993","GOOG",2018-12-11,1056.48999,1060.599976,1039.839966,1051.75,1051.75,1394700,993
"994","GOOG",2018-12-12,1068,1081.650024,1062.790039,1063.680054,1063.680054,1523800,994
"995","GOOG",2018-12-13,1068.069946,1079.76001,1053.930054,1061.900024,1061.900024,1329800,995
"996","GOOG",2018-12-14,1049.97998,1062.599976,1040.790039,1042.099976,1042.099976,1686600,996
"997","GOOG",2018-12-17,1037.51001,1053.150024,1007.900024,1016.530029,1016.530029,2385400,997
"998","GOOG",2018-12-18,1026.089966,1049.47998,1021.440002,1028.709961,1028.709961,2192500,998
"999","GOOG",2018-12-19,1033.98999,1062,1008.049988,1023.01001,1023.01001,2479300,999
"1000","GOOG",2018-12-20,1018.130005,1034.219971,996.359985,1009.409973,1009.409973,2673500,1000
"1001","GOOG",2018-12-21,1015.299988,1024.02002,973.690002,979.539978,979.539978,4596000,1001
"1002","GOOG",2018-12-24,973.900024,1003.539978,970.109985,976.219971,976.219971,1590300,1002
"1003","GOOG",2018-12-26,989.01001,1040,983,1039.459961,1039.459961,2373300,1003
"1004","GOOG",2018-12-27,1017.150024,1043.890015,997,1043.880005,1043.880005,2109800,1004
"1005","GOOG",2018-12-28,1049.619995,1055.560059,1033.099976,1037.079956,1037.079956,1414800,1005
"1006","GOOG",2018-12-31,1050.959961,1052.699951,1023.590027,1035.609985,1035.609985,1493300,1006
